name,type,value,time
蚌埠,蚌埠最低气温,7,2020-04-23
蚌埠,蚌埠最低气温,7,2020-04-22
蚌埠,蚌埠最低气温,8,2020-04-21
蚌埠,蚌埠最低气温,10,2020-04-20
蚌埠,蚌埠最低气温,11,2020-04-19
蚌埠,蚌埠最低气温,11,2020-04-18
蚌埠,蚌埠最低气温,11,2020-04-17
蚌埠,蚌埠最低气温,13,2020-04-16
蚌埠,蚌埠最低气温,16,2020-04-15
蚌埠,蚌埠最低气温,10,2020-04-14
蚌埠,蚌埠最低气温,11,2020-04-13
蚌埠,蚌埠最低气温,4,2020-04-12
蚌埠,蚌埠最低气温,7,2020-04-11
蚌埠,蚌埠最低气温,7,2020-04-10
蚌埠,蚌埠最低气温,10,2020-04-09
蚌埠,蚌埠最低气温,9,2020-04-08
蚌埠,蚌埠最低气温,8,2020-04-07
蚌埠,蚌埠最低气温,5,2020-04-06
蚌埠,蚌埠最低气温,6,2020-04-05
蚌埠,蚌埠最低气温,5,2020-04-04
蚌埠,蚌埠最低气温,10,2020-04-03
蚌埠,蚌埠最低气温,6,2020-04-02
蚌埠,蚌埠最低气温,8,2020-04-01
蚌埠,蚌埠最低气温,7,2020-03-31
蚌埠,蚌埠最低气温,7,2020-03-30
蚌埠,蚌埠最低气温,2,2020-03-29
蚌埠,蚌埠最低气温,5,2020-03-28
蚌埠,蚌埠最低气温,4,2020-03-27
蚌埠,蚌埠最低气温,7,2020-03-26
蚌埠,蚌埠最低气温,13,2020-03-25
亳州,亳州最低气温,6,2020-04-23
亳州,亳州最低气温,7,2020-04-22
亳州,亳州最低气温,9,2020-04-21
亳州,亳州最低气温,10,2020-04-20
亳州,亳州最低气温,12,2020-04-19
亳州,亳州最低气温,11,2020-04-18
亳州,亳州最低气温,10,2020-04-17
亳州,亳州最低气温,12,2020-04-16
亳州,亳州最低气温,15,2020-04-15
亳州,亳州最低气温,12,2020-04-14
亳州,亳州最低气温,12,2020-04-13
亳州,亳州最低气温,5,2020-04-12
亳州,亳州最低气温,7,2020-04-11
亳州,亳州最低气温,6,2020-04-10
亳州,亳州最低气温,8,2020-04-09
亳州,亳州最低气温,9,2020-04-08
亳州,亳州最低气温,8,2020-04-07
亳州,亳州最低气温,7,2020-04-06
亳州,亳州最低气温,8,2020-04-05
亳州,亳州最低气温,7,2020-04-04
亳州,亳州最低气温,7,2020-04-03
亳州,亳州最低气温,6,2020-04-02
亳州,亳州最低气温,9,2020-04-01
亳州,亳州最低气温,6,2020-03-31
亳州,亳州最低气温,5,2020-03-30
亳州,亳州最低气温,1,2020-03-29
亳州,亳州最低气温,5,2020-03-28
亳州,亳州最低气温,6,2020-03-27
亳州,亳州最低气温,7,2020-03-26
亳州,亳州最低气温,12,2020-03-25
长丰,长丰最低气温,8,2020-04-23
长丰,长丰最低气温,8,2020-04-22
长丰,长丰最低气温,9,2020-04-21
长丰,长丰最低气温,10,2020-04-20
长丰,长丰最低气温,11,2020-04-19
长丰,长丰最低气温,12,2020-04-18
长丰,长丰最低气温,12,2020-04-17
长丰,长丰最低气温,13,2020-04-16
长丰,长丰最低气温,16,2020-04-15
长丰,长丰最低气温,10,2020-04-14
长丰,长丰最低气温,10,2020-04-13
长丰,长丰最低气温,5,2020-04-12
长丰,长丰最低气温,7,2020-04-11
长丰,长丰最低气温,7,2020-04-10
长丰,长丰最低气温,11,2020-04-09
长丰,长丰最低气温,9,2020-04-08
长丰,长丰最低气温,6,2020-04-07
长丰,长丰最低气温,6,2020-04-06
长丰,长丰最低气温,8,2020-04-05
长丰,长丰最低气温,6,2020-04-04
长丰,长丰最低气温,7,2020-04-03
长丰,长丰最低气温,8,2020-04-02
长丰,长丰最低气温,8,2020-04-01
长丰,长丰最低气温,6,2020-03-31
长丰,长丰最低气温,6,2020-03-30
长丰,长丰最低气温,3,2020-03-29
长丰,长丰最低气温,5,2020-03-28
长丰,长丰最低气温,4,2020-03-27
长丰,长丰最低气温,9,2020-03-26
长丰,长丰最低气温,13,2020-03-25
巢湖,巢湖最低气温,10,2020-04-23
巢湖,巢湖最低气温,11,2020-04-22
巢湖,巢湖最低气温,10,2020-04-21
巢湖,巢湖最低气温,11,2020-04-20
巢湖,巢湖最低气温,11,2020-04-19
巢湖,巢湖最低气温,13,2020-04-18
巢湖,巢湖最低气温,13,2020-04-17
巢湖,巢湖最低气温,16,2020-04-16
巢湖,巢湖最低气温,13,2020-04-15
巢湖,巢湖最低气温,10,2020-04-14
巢湖,巢湖最低气温,8,2020-04-13
巢湖,巢湖最低气温,5,2020-04-12
巢湖,巢湖最低气温,6,2020-04-11
巢湖,巢湖最低气温,8,2020-04-10
巢湖,巢湖最低气温,11,2020-04-09
巢湖,巢湖最低气温,9,2020-04-08
巢湖,巢湖最低气温,8,2020-04-07
巢湖,巢湖最低气温,7,2020-04-06
巢湖,巢湖最低气温,8,2020-04-05
巢湖,巢湖最低气温,6,2020-04-04
巢湖,巢湖最低气温,7,2020-04-03
巢湖,巢湖最低气温,7,2020-04-02
巢湖,巢湖最低气温,8,2020-04-01
巢湖,巢湖最低气温,9,2020-03-31
巢湖,巢湖最低气温,7,2020-03-30
巢湖,巢湖最低气温,4,2020-03-29
巢湖,巢湖最低气温,3,2020-03-28
巢湖,巢湖最低气温,3,2020-03-27
巢湖,巢湖最低气温,10,2020-03-26
巢湖,巢湖最低气温,15,2020-03-25
池州,池州最低气温,9,2020-04-23
池州,池州最低气温,12,2020-04-22
池州,池州最低气温,11,2020-04-21
池州,池州最低气温,13,2020-04-20
池州,池州最低气温,10,2020-04-19
池州,池州最低气温,14,2020-04-18
池州,池州最低气温,14,2020-04-17
池州,池州最低气温,16,2020-04-16
池州,池州最低气温,13,2020-04-15
池州,池州最低气温,9,2020-04-14
池州,池州最低气温,6,2020-04-13
池州,池州最低气温,6,2020-04-12
池州,池州最低气温,6,2020-04-11
池州,池州最低气温,10,2020-04-10
池州,池州最低气温,11,2020-04-09
池州,池州最低气温,8,2020-04-08
池州,池州最低气温,7,2020-04-07
池州,池州最低气温,7,2020-04-06
池州,池州最低气温,9,2020-04-05
池州,池州最低气温,8,2020-04-04
池州,池州最低气温,9,2020-04-03
池州,池州最低气温,9,2020-04-02
池州,池州最低气温,9,2020-04-01
池州,池州最低气温,9,2020-03-31
池州,池州最低气温,7,2020-03-30
池州,池州最低气温,5,2020-03-29
池州,池州最低气温,3,2020-03-28
池州,池州最低气温,4,2020-03-27
池州,池州最低气温,11,2020-03-26
池州,池州最低气温,16,2020-03-25
滁州,滁州最低气温,7,2020-04-23
滁州,滁州最低气温,7,2020-04-22
滁州,滁州最低气温,10,2020-04-21
滁州,滁州最低气温,10,2020-04-20
滁州,滁州最低气温,10,2020-04-19
滁州,滁州最低气温,12,2020-04-18
滁州,滁州最低气温,11,2020-04-17
滁州,滁州最低气温,15,2020-04-16
滁州,滁州最低气温,14,2020-04-15
滁州,滁州最低气温,8,2020-04-14
滁州,滁州最低气温,9,2020-04-13
滁州,滁州最低气温,5,2020-04-12
滁州,滁州最低气温,6,2020-04-11
滁州,滁州最低气温,7,2020-04-10
滁州,滁州最低气温,10,2020-04-09
滁州,滁州最低气温,8,2020-04-08
滁州,滁州最低气温,7,2020-04-07
滁州,滁州最低气温,5,2020-04-06
滁州,滁州最低气温,7,2020-04-05
滁州,滁州最低气温,5,2020-04-04
滁州,滁州最低气温,8,2020-04-03
滁州,滁州最低气温,6,2020-04-02
滁州,滁州最低气温,6,2020-04-01
滁州,滁州最低气温,7,2020-03-31
滁州,滁州最低气温,6,2020-03-30
滁州,滁州最低气温,3,2020-03-29
滁州,滁州最低气温,3,2020-03-28
滁州,滁州最低气温,4,2020-03-27
滁州,滁州最低气温,8,2020-03-26
滁州,滁州最低气温,13,2020-03-25
枞阳,枞阳最低气温,9,2020-04-23
枞阳,枞阳最低气温,12,2020-04-22
枞阳,枞阳最低气温,12,2020-04-21
枞阳,枞阳最低气温,13,2020-04-20
枞阳,枞阳最低气温,11,2020-04-19
枞阳,枞阳最低气温,14,2020-04-18
枞阳,枞阳最低气温,14,2020-04-17
枞阳,枞阳最低气温,16,2020-04-16
枞阳,枞阳最低气温,14,2020-04-15
枞阳,枞阳最低气温,10,2020-04-14
枞阳,枞阳最低气温,8,2020-04-13
枞阳,枞阳最低气温,6,2020-04-12
枞阳,枞阳最低气温,6,2020-04-11
枞阳,枞阳最低气温,9,2020-04-10
枞阳,枞阳最低气温,12,2020-04-09
枞阳,枞阳最低气温,10,2020-04-08
枞阳,枞阳最低气温,9,2020-04-07
枞阳,枞阳最低气温,8,2020-04-06
枞阳,枞阳最低气温,10,2020-04-05
枞阳,枞阳最低气温,9,2020-04-04
枞阳,枞阳最低气温,9,2020-04-03
枞阳,枞阳最低气温,10,2020-04-02
枞阳,枞阳最低气温,9,2020-04-01
枞阳,枞阳最低气温,9,2020-03-31
枞阳,枞阳最低气温,7,2020-03-30
枞阳,枞阳最低气温,4,2020-03-29
枞阳,枞阳最低气温,3,2020-03-28
枞阳,枞阳最低气温,4,2020-03-27
枞阳,枞阳最低气温,11,2020-03-26
枞阳,枞阳最低气温,15,2020-03-25
当涂,当涂最低气温,8,2020-04-23
当涂,当涂最低气温,10,2020-04-22
当涂,当涂最低气温,10,2020-04-21
当涂,当涂最低气温,10,2020-04-20
当涂,当涂最低气温,9,2020-04-19
当涂,当涂最低气温,13,2020-04-18
当涂,当涂最低气温,14,2020-04-17
当涂,当涂最低气温,15,2020-04-16
当涂,当涂最低气温,14,2020-04-15
当涂,当涂最低气温,10,2020-04-14
当涂,当涂最低气温,6,2020-04-13
当涂,当涂最低气温,5,2020-04-12
当涂,当涂最低气温,6,2020-04-11
当涂,当涂最低气温,8,2020-04-10
当涂,当涂最低气温,12,2020-04-09
当涂,当涂最低气温,10,2020-04-08
当涂,当涂最低气温,8,2020-04-07
当涂,当涂最低气温,7,2020-04-06
当涂,当涂最低气温,8,2020-04-05
当涂,当涂最低气温,6,2020-04-04
当涂,当涂最低气温,7,2020-04-03
当涂,当涂最低气温,8,2020-04-02
当涂,当涂最低气温,8,2020-04-01
当涂,当涂最低气温,9,2020-03-31
当涂,当涂最低气温,7,2020-03-30
当涂,当涂最低气温,4,2020-03-29
当涂,当涂最低气温,2,2020-03-28
当涂,当涂最低气温,3,2020-03-27
当涂,当涂最低气温,10,2020-03-26
当涂,当涂最低气温,15,2020-03-25
砀山,砀山最低气温,5,2020-04-23
砀山,砀山最低气温,6,2020-04-22
砀山,砀山最低气温,8,2020-04-21
砀山,砀山最低气温,10,2020-04-20
砀山,砀山最低气温,12,2020-04-19
砀山,砀山最低气温,11,2020-04-18
砀山,砀山最低气温,9,2020-04-17
砀山,砀山最低气温,9,2020-04-16
砀山,砀山最低气温,15,2020-04-15
砀山,砀山最低气温,11,2020-04-14
砀山,砀山最低气温,11,2020-04-13
砀山,砀山最低气温,4,2020-04-12
砀山,砀山最低气温,6,2020-04-11
砀山,砀山最低气温,5,2020-04-10
砀山,砀山最低气温,7,2020-04-09
砀山,砀山最低气温,9,2020-04-08
砀山,砀山最低气温,7,2020-04-07
砀山,砀山最低气温,5,2020-04-06
砀山,砀山最低气温,8,2020-04-05
砀山,砀山最低气温,6,2020-04-04
砀山,砀山最低气温,6,2020-04-03
砀山,砀山最低气温,4,2020-04-02
砀山,砀山最低气温,8,2020-04-01
砀山,砀山最低气温,6,2020-03-31
砀山,砀山最低气温,4,2020-03-30
砀山,砀山最低气温,1,2020-03-29
砀山,砀山最低气温,6,2020-03-28
砀山,砀山最低气温,6,2020-03-27
砀山,砀山最低气温,7,2020-03-26
砀山,砀山最低气温,10,2020-03-25
定远,定远最低气温,7,2020-04-23
定远,定远最低气温,8,2020-04-22
定远,定远最低气温,9,2020-04-21
定远,定远最低气温,10,2020-04-20
定远,定远最低气温,11,2020-04-19
定远,定远最低气温,11,2020-04-18
定远,定远最低气温,12,2020-04-17
定远,定远最低气温,13,2020-04-16
定远,定远最低气温,16,2020-04-15
定远,定远最低气温,10,2020-04-14
定远,定远最低气温,9,2020-04-13
定远,定远最低气温,5,2020-04-12
定远,定远最低气温,7,2020-04-11
定远,定远最低气温,7,2020-04-10
定远,定远最低气温,10,2020-04-09
定远,定远最低气温,9,2020-04-08
定远,定远最低气温,7,2020-04-07
定远,定远最低气温,6,2020-04-06
定远,定远最低气温,7,2020-04-05
定远,定远最低气温,5,2020-04-04
定远,定远最低气温,8,2020-04-03
定远,定远最低气温,8,2020-04-02
定远,定远最低气温,7,2020-04-01
定远,定远最低气温,6,2020-03-31
定远,定远最低气温,6,2020-03-30
定远,定远最低气温,3,2020-03-29
定远,定远最低气温,4,2020-03-28
定远,定远最低气温,4,2020-03-27
定远,定远最低气温,8,2020-03-26
定远,定远最低气温,13,2020-03-25
东至,东至最低气温,8,2020-04-23
东至,东至最低气温,11,2020-04-22
东至,东至最低气温,10,2020-04-21
东至,东至最低气温,11,2020-04-20
东至,东至最低气温,9,2020-04-19
东至,东至最低气温,14,2020-04-18
东至,东至最低气温,13,2020-04-17
东至,东至最低气温,16,2020-04-16
东至,东至最低气温,14,2020-04-15
东至,东至最低气温,7,2020-04-14
东至,东至最低气温,8,2020-04-13
东至,东至最低气温,5,2020-04-12
东至,东至最低气温,4,2020-04-11
东至,东至最低气温,11,2020-04-10
东至,东至最低气温,11,2020-04-09
东至,东至最低气温,9,2020-04-08
东至,东至最低气温,8,2020-04-07
东至,东至最低气温,7,2020-04-06
东至,东至最低气温,8,2020-04-05
东至,东至最低气温,8,2020-04-04
东至,东至最低气温,10,2020-04-03
东至,东至最低气温,10,2020-04-02
东至,东至最低气温,7,2020-04-01
东至,东至最低气温,8,2020-03-31
东至,东至最低气温,6,2020-03-30
东至,东至最低气温,5,2020-03-29
东至,东至最低气温,3,2020-03-28
东至,东至最低气温,5,2020-03-27
东至,东至最低气温,12,2020-03-26
东至,东至最低气温,17,2020-03-25
繁昌,繁昌最低气温,8,2020-04-23
繁昌,繁昌最低气温,11,2020-04-22
繁昌,繁昌最低气温,9,2020-04-21
繁昌,繁昌最低气温,12,2020-04-20
繁昌,繁昌最低气温,10,2020-04-19
繁昌,繁昌最低气温,13,2020-04-18
繁昌,繁昌最低气温,12,2020-04-17
繁昌,繁昌最低气温,15,2020-04-16
繁昌,繁昌最低气温,13,2020-04-15
繁昌,繁昌最低气温,10,2020-04-14
繁昌,繁昌最低气温,7,2020-04-13
繁昌,繁昌最低气温,5,2020-04-12
繁昌,繁昌最低气温,6,2020-04-11
繁昌,繁昌最低气温,10,2020-04-10
繁昌,繁昌最低气温,11,2020-04-09
繁昌,繁昌最低气温,8,2020-04-08
繁昌,繁昌最低气温,6,2020-04-07
繁昌,繁昌最低气温,5,2020-04-06
繁昌,繁昌最低气温,8,2020-04-05
繁昌,繁昌最低气温,6,2020-04-04
繁昌,繁昌最低气温,8,2020-04-03
繁昌,繁昌最低气温,8,2020-04-02
繁昌,繁昌最低气温,8,2020-04-01
繁昌,繁昌最低气温,10,2020-03-31
繁昌,繁昌最低气温,6,2020-03-30
繁昌,繁昌最低气温,4,2020-03-29
繁昌,繁昌最低气温,2,2020-03-28
繁昌,繁昌最低气温,3,2020-03-27
繁昌,繁昌最低气温,10,2020-03-26
繁昌,繁昌最低气温,14,2020-03-25
肥东,肥东最低气温,8,2020-04-23
肥东,肥东最低气温,10,2020-04-22
肥东,肥东最低气温,8,2020-04-21
肥东,肥东最低气温,10,2020-04-20
肥东,肥东最低气温,10,2020-04-19
肥东,肥东最低气温,12,2020-04-18
肥东,肥东最低气温,13,2020-04-17
肥东,肥东最低气温,16,2020-04-16
肥东,肥东最低气温,16,2020-04-15
肥东,肥东最低气温,10,2020-04-14
肥东,肥东最低气温,9,2020-04-13
肥东,肥东最低气温,6,2020-04-12
肥东,肥东最低气温,7,2020-04-11
肥东,肥东最低气温,8,2020-04-10
肥东,肥东最低气温,12,2020-04-09
肥东,肥东最低气温,8,2020-04-08
肥东,肥东最低气温,7,2020-04-07
肥东,肥东最低气温,7,2020-04-06
肥东,肥东最低气温,8,2020-04-05
肥东,肥东最低气温,6,2020-04-04
肥东,肥东最低气温,7,2020-04-03
肥东,肥东最低气温,8,2020-04-02
肥东,肥东最低气温,9,2020-04-01
肥东,肥东最低气温,8,2020-03-31
肥东,肥东最低气温,8,2020-03-30
肥东,肥东最低气温,3,2020-03-29
肥东,肥东最低气温,3,2020-03-28
肥东,肥东最低气温,3,2020-03-27
肥东,肥东最低气温,9,2020-03-26
肥东,肥东最低气温,14,2020-03-25
肥西,肥西最低气温,7,2020-04-23
肥西,肥西最低气温,10,2020-04-22
肥西,肥西最低气温,8,2020-04-21
肥西,肥西最低气温,11,2020-04-20
肥西,肥西最低气温,9,2020-04-19
肥西,肥西最低气温,12,2020-04-18
肥西,肥西最低气温,13,2020-04-17
肥西,肥西最低气温,14,2020-04-16
肥西,肥西最低气温,15,2020-04-15
肥西,肥西最低气温,8,2020-04-14
肥西,肥西最低气温,10,2020-04-13
肥西,肥西最低气温,5,2020-04-12
肥西,肥西最低气温,5,2020-04-11
肥西,肥西最低气温,8,2020-04-10
肥西,肥西最低气温,11,2020-04-09
肥西,肥西最低气温,8,2020-04-08
肥西,肥西最低气温,7,2020-04-07
肥西,肥西最低气温,5,2020-04-06
肥西,肥西最低气温,7,2020-04-05
肥西,肥西最低气温,6,2020-04-04
肥西,肥西最低气温,8,2020-04-03
肥西,肥西最低气温,7,2020-04-02
肥西,肥西最低气温,8,2020-04-01
肥西,肥西最低气温,8,2020-03-31
肥西,肥西最低气温,7,2020-03-30
肥西,肥西最低气温,4,2020-03-29
肥西,肥西最低气温,3,2020-03-28
肥西,肥西最低气温,3,2020-03-27
肥西,肥西最低气温,8,2020-03-26
肥西,肥西最低气温,14,2020-03-25
凤台,凤台最低气温,7,2020-04-23
凤台,凤台最低气温,8,2020-04-22
凤台,凤台最低气温,10,2020-04-21
凤台,凤台最低气温,10,2020-04-20
凤台,凤台最低气温,10,2020-04-19
凤台,凤台最低气温,12,2020-04-18
凤台,凤台最低气温,12,2020-04-17
凤台,凤台最低气温,14,2020-04-16
凤台,凤台最低气温,16,2020-04-15
凤台,凤台最低气温,11,2020-04-14
凤台,凤台最低气温,11,2020-04-13
凤台,凤台最低气温,5,2020-04-12
凤台,凤台最低气温,7,2020-04-11
凤台,凤台最低气温,7,2020-04-10
凤台,凤台最低气温,11,2020-04-09
凤台,凤台最低气温,9,2020-04-08
凤台,凤台最低气温,8,2020-04-07
凤台,凤台最低气温,7,2020-04-06
凤台,凤台最低气温,9,2020-04-05
凤台,凤台最低气温,7,2020-04-04
凤台,凤台最低气温,10,2020-04-03
凤台,凤台最低气温,8,2020-04-02
凤台,凤台最低气温,9,2020-04-01
凤台,凤台最低气温,7,2020-03-31
凤台,凤台最低气温,7,2020-03-30
凤台,凤台最低气温,3,2020-03-29
凤台,凤台最低气温,5,2020-03-28
凤台,凤台最低气温,5,2020-03-27
凤台,凤台最低气温,8,2020-03-26
凤台,凤台最低气温,13,2020-03-25
凤阳,凤阳最低气温,5,2020-04-23
凤阳,凤阳最低气温,6,2020-04-22
凤阳,凤阳最低气温,8,2020-04-21
凤阳,凤阳最低气温,9,2020-04-20
凤阳,凤阳最低气温,10,2020-04-19
凤阳,凤阳最低气温,11,2020-04-18
凤阳,凤阳最低气温,10,2020-04-17
凤阳,凤阳最低气温,11,2020-04-16
凤阳,凤阳最低气温,16,2020-04-15
凤阳,凤阳最低气温,9,2020-04-14
凤阳,凤阳最低气温,10,2020-04-13
凤阳,凤阳最低气温,3,2020-04-12
凤阳,凤阳最低气温,5,2020-04-11
凤阳,凤阳最低气温,7,2020-04-10
凤阳,凤阳最低气温,9,2020-04-09
凤阳,凤阳最低气温,7,2020-04-08
凤阳,凤阳最低气温,7,2020-04-07
凤阳,凤阳最低气温,2,2020-04-06
凤阳,凤阳最低气温,5,2020-04-05
凤阳,凤阳最低气温,4,2020-04-04
凤阳,凤阳最低气温,7,2020-04-03
凤阳,凤阳最低气温,6,2020-04-02
凤阳,凤阳最低气温,7,2020-04-01
凤阳,凤阳最低气温,6,2020-03-31
凤阳,凤阳最低气温,6,2020-03-30
凤阳,凤阳最低气温,2,2020-03-29
凤阳,凤阳最低气温,5,2020-03-28
凤阳,凤阳最低气温,4,2020-03-27
凤阳,凤阳最低气温,8,2020-03-26
凤阳,凤阳最低气温,12,2020-03-25
阜南,阜南最低气温,6,2020-04-23
阜南,阜南最低气温,8,2020-04-22
阜南,阜南最低气温,10,2020-04-21
阜南,阜南最低气温,9,2020-04-20
阜南,阜南最低气温,10,2020-04-19
阜南,阜南最低气温,11,2020-04-18
阜南,阜南最低气温,13,2020-04-17
阜南,阜南最低气温,13,2020-04-16
阜南,阜南最低气温,15,2020-04-15
阜南,阜南最低气温,12,2020-04-14
阜南,阜南最低气温,11,2020-04-13
阜南,阜南最低气温,4,2020-04-12
阜南,阜南最低气温,6,2020-04-11
阜南,阜南最低气温,6,2020-04-10
阜南,阜南最低气温,11,2020-04-09
阜南,阜南最低气温,9,2020-04-08
阜南,阜南最低气温,6,2020-04-07
阜南,阜南最低气温,7,2020-04-06
阜南,阜南最低气温,8,2020-04-05
阜南,阜南最低气温,8,2020-04-04
阜南,阜南最低气温,8,2020-04-03
阜南,阜南最低气温,7,2020-04-02
阜南,阜南最低气温,8,2020-04-01
阜南,阜南最低气温,6,2020-03-31
阜南,阜南最低气温,5,2020-03-30
阜南,阜南最低气温,1,2020-03-29
阜南,阜南最低气温,5,2020-03-28
阜南,阜南最低气温,4,2020-03-27
阜南,阜南最低气温,8,2020-03-26
阜南,阜南最低气温,14,2020-03-25
阜阳,阜阳最低气温,6,2020-04-23
阜阳,阜阳最低气温,7,2020-04-22
阜阳,阜阳最低气温,9,2020-04-21
阜阳,阜阳最低气温,9,2020-04-20
阜阳,阜阳最低气温,10,2020-04-19
阜阳,阜阳最低气温,11,2020-04-18
阜阳,阜阳最低气温,13,2020-04-17
阜阳,阜阳最低气温,13,2020-04-16
阜阳,阜阳最低气温,15,2020-04-15
阜阳,阜阳最低气温,11,2020-04-14
阜阳,阜阳最低气温,11,2020-04-13
阜阳,阜阳最低气温,4,2020-04-12
阜阳,阜阳最低气温,6,2020-04-11
阜阳,阜阳最低气温,6,2020-04-10
阜阳,阜阳最低气温,10,2020-04-09
阜阳,阜阳最低气温,9,2020-04-08
阜阳,阜阳最低气温,6,2020-04-07
阜阳,阜阳最低气温,6,2020-04-06
阜阳,阜阳最低气温,9,2020-04-05
阜阳,阜阳最低气温,7,2020-04-04
阜阳,阜阳最低气温,8,2020-04-03
阜阳,阜阳最低气温,6,2020-04-02
阜阳,阜阳最低气温,8,2020-04-01
阜阳,阜阳最低气温,6,2020-03-31
阜阳,阜阳最低气温,5,2020-03-30
阜阳,阜阳最低气温,2,2020-03-29
阜阳,阜阳最低气温,5,2020-03-28
阜阳,阜阳最低气温,5,2020-03-27
阜阳,阜阳最低气温,8,2020-03-26
阜阳,阜阳最低气温,14,2020-03-25
固镇,固镇最低气温,5,2020-04-23
固镇,固镇最低气温,6,2020-04-22
固镇,固镇最低气温,8,2020-04-21
固镇,固镇最低气温,10,2020-04-20
固镇,固镇最低气温,11,2020-04-19
固镇,固镇最低气温,11,2020-04-18
固镇,固镇最低气温,10,2020-04-17
固镇,固镇最低气温,10,2020-04-16
固镇,固镇最低气温,15,2020-04-15
固镇,固镇最低气温,8,2020-04-14
固镇,固镇最低气温,10,2020-04-13
固镇,固镇最低气温,4,2020-04-12
固镇,固镇最低气温,6,2020-04-11
固镇,固镇最低气温,6,2020-04-10
固镇,固镇最低气温,8,2020-04-09
固镇,固镇最低气温,9,2020-04-08
固镇,固镇最低气温,6,2020-04-07
固镇,固镇最低气温,4,2020-04-06
固镇,固镇最低气温,6,2020-04-05
固镇,固镇最低气温,5,2020-04-04
固镇,固镇最低气温,7,2020-04-03
固镇,固镇最低气温,5,2020-04-02
固镇,固镇最低气温,7,2020-04-01
固镇,固镇最低气温,6,2020-03-31
固镇,固镇最低气温,6,2020-03-30
固镇,固镇最低气温,1,2020-03-29
固镇,固镇最低气温,5,2020-03-28
固镇,固镇最低气温,6,2020-03-27
固镇,固镇最低气温,7,2020-03-26
固镇,固镇最低气温,11,2020-03-25
广德,广德最低气温,7,2020-04-23
广德,广德最低气温,10,2020-04-22
广德,广德最低气温,9,2020-04-21
广德,广德最低气温,11,2020-04-20
广德,广德最低气温,11,2020-04-19
广德,广德最低气温,13,2020-04-18
广德,广德最低气温,12,2020-04-17
广德,广德最低气温,15,2020-04-16
广德,广德最低气温,14,2020-04-15
广德,广德最低气温,10,2020-04-14
广德,广德最低气温,5,2020-04-13
广德,广德最低气温,5,2020-04-12
广德,广德最低气温,4,2020-04-11
广德,广德最低气温,12,2020-04-10
广德,广德最低气温,9,2020-04-09
广德,广德最低气温,8,2020-04-08
广德,广德最低气温,5,2020-04-07
广德,广德最低气温,4,2020-04-06
广德,广德最低气温,7,2020-04-05
广德,广德最低气温,5,2020-04-04
广德,广德最低气温,7,2020-04-03
广德,广德最低气温,7,2020-04-02
广德,广德最低气温,7,2020-04-01
广德,广德最低气温,10,2020-03-31
广德,广德最低气温,7,2020-03-30
广德,广德最低气温,6,2020-03-29
广德,广德最低气温,2,2020-03-28
广德,广德最低气温,5,2020-03-27
广德,广德最低气温,11,2020-03-26
广德,广德最低气温,14,2020-03-25
贵池,贵池最低气温,9,2020-04-23
贵池,贵池最低气温,12,2020-04-22
贵池,贵池最低气温,11,2020-04-21
贵池,贵池最低气温,13,2020-04-20
贵池,贵池最低气温,10,2020-04-19
贵池,贵池最低气温,14,2020-04-18
贵池,贵池最低气温,14,2020-04-17
贵池,贵池最低气温,16,2020-04-16
贵池,贵池最低气温,13,2020-04-15
贵池,贵池最低气温,9,2020-04-14
贵池,贵池最低气温,6,2020-04-13
贵池,贵池最低气温,6,2020-04-12
贵池,贵池最低气温,6,2020-04-11
贵池,贵池最低气温,10,2020-04-10
贵池,贵池最低气温,11,2020-04-09
贵池,贵池最低气温,8,2020-04-08
贵池,贵池最低气温,7,2020-04-07
贵池,贵池最低气温,7,2020-04-06
贵池,贵池最低气温,9,2020-04-05
贵池,贵池最低气温,8,2020-04-04
贵池,贵池最低气温,9,2020-04-03
贵池,贵池最低气温,9,2020-04-02
贵池,贵池最低气温,9,2020-04-01
贵池,贵池最低气温,9,2020-03-31
贵池,贵池最低气温,7,2020-03-30
贵池,贵池最低气温,5,2020-03-29
贵池,贵池最低气温,3,2020-03-28
贵池,贵池最低气温,4,2020-03-27
贵池,贵池最低气温,11,2020-03-26
贵池,贵池最低气温,16,2020-03-25
含山,含山最低气温,7,2020-04-23
含山,含山最低气温,9,2020-04-22
含山,含山最低气温,9,2020-04-21
含山,含山最低气温,11,2020-04-20
含山,含山最低气温,8,2020-04-19
含山,含山最低气温,12,2020-04-18
含山,含山最低气温,13,2020-04-17
含山,含山最低气温,15,2020-04-16
含山,含山最低气温,13,2020-04-15
含山,含山最低气温,9,2020-04-14
含山,含山最低气温,7,2020-04-13
含山,含山最低气温,5,2020-04-12
含山,含山最低气温,5,2020-04-11
含山,含山最低气温,9,2020-04-10
含山,含山最低气温,10,2020-04-09
含山,含山最低气温,9,2020-04-08
含山,含山最低气温,6,2020-04-07
含山,含山最低气温,5,2020-04-06
含山,含山最低气温,7,2020-04-05
含山,含山最低气温,5,2020-04-04
含山,含山最低气温,6,2020-04-03
含山,含山最低气温,7,2020-04-02
含山,含山最低气温,7,2020-04-01
含山,含山最低气温,9,2020-03-31
含山,含山最低气温,6,2020-03-30
含山,含山最低气温,4,2020-03-29
含山,含山最低气温,2,2020-03-28
含山,含山最低气温,3,2020-03-27
含山,含山最低气温,9,2020-03-26
含山,含山最低气温,13,2020-03-25
合肥,合肥最低气温,8,2020-04-23
合肥,合肥最低气温,10,2020-04-22
合肥,合肥最低气温,9,2020-04-21
合肥,合肥最低气温,11,2020-04-20
合肥,合肥最低气温,9,2020-04-19
合肥,合肥最低气温,12,2020-04-18
合肥,合肥最低气温,13,2020-04-17
合肥,合肥最低气温,14,2020-04-16
合肥,合肥最低气温,15,2020-04-15
合肥,合肥最低气温,9,2020-04-14
合肥,合肥最低气温,10,2020-04-13
合肥,合肥最低气温,5,2020-04-12
合肥,合肥最低气温,6,2020-04-11
合肥,合肥最低气温,8,2020-04-10
合肥,合肥最低气温,11,2020-04-09
合肥,合肥最低气温,8,2020-04-08
合肥,合肥最低气温,7,2020-04-07
合肥,合肥最低气温,5,2020-04-06
合肥,合肥最低气温,7,2020-04-05
合肥,合肥最低气温,6,2020-04-04
合肥,合肥最低气温,7,2020-04-03
合肥,合肥最低气温,7,2020-04-02
合肥,合肥最低气温,8,2020-04-01
合肥,合肥最低气温,8,2020-03-31
合肥,合肥最低气温,6,2020-03-30
合肥,合肥最低气温,3,2020-03-29
合肥,合肥最低气温,3,2020-03-28
合肥,合肥最低气温,3,2020-03-27
合肥,合肥最低气温,8,2020-03-26
合肥,合肥最低气温,14,2020-03-25
和县,和县最低气温,8,2020-04-23
和县,和县最低气温,10,2020-04-22
和县,和县最低气温,10,2020-04-21
和县,和县最低气温,11,2020-04-20
和县,和县最低气温,9,2020-04-19
和县,和县最低气温,13,2020-04-18
和县,和县最低气温,13,2020-04-17
和县,和县最低气温,16,2020-04-16
和县,和县最低气温,14,2020-04-15
和县,和县最低气温,9,2020-04-14
和县,和县最低气温,7,2020-04-13
和县,和县最低气温,5,2020-04-12
和县,和县最低气温,7,2020-04-11
和县,和县最低气温,8,2020-04-10
和县,和县最低气温,12,2020-04-09
和县,和县最低气温,9,2020-04-08
和县,和县最低气温,7,2020-04-07
和县,和县最低气温,8,2020-04-06
和县,和县最低气温,8,2020-04-05
和县,和县最低气温,6,2020-04-04
和县,和县最低气温,8,2020-04-03
和县,和县最低气温,8,2020-04-02
和县,和县最低气温,8,2020-04-01
和县,和县最低气温,9,2020-03-31
和县,和县最低气温,7,2020-03-30
和县,和县最低气温,5,2020-03-29
和县,和县最低气温,2,2020-03-28
和县,和县最低气温,3,2020-03-27
和县,和县最低气温,9,2020-03-26
和县,和县最低气温,14,2020-03-25
怀宁,怀宁最低气温,8,2020-04-23
怀宁,怀宁最低气温,12,2020-04-22
怀宁,怀宁最低气温,12,2020-04-21
怀宁,怀宁最低气温,13,2020-04-20
怀宁,怀宁最低气温,10,2020-04-19
怀宁,怀宁最低气温,14,2020-04-18
怀宁,怀宁最低气温,14,2020-04-17
怀宁,怀宁最低气温,16,2020-04-16
怀宁,怀宁最低气温,14,2020-04-15
怀宁,怀宁最低气温,10,2020-04-14
怀宁,怀宁最低气温,8,2020-04-13
怀宁,怀宁最低气温,6,2020-04-12
怀宁,怀宁最低气温,6,2020-04-11
怀宁,怀宁最低气温,10,2020-04-10
怀宁,怀宁最低气温,12,2020-04-09
怀宁,怀宁最低气温,9,2020-04-08
怀宁,怀宁最低气温,8,2020-04-07
怀宁,怀宁最低气温,8,2020-04-06
怀宁,怀宁最低气温,9,2020-04-05
怀宁,怀宁最低气温,9,2020-04-04
怀宁,怀宁最低气温,9,2020-04-03
怀宁,怀宁最低气温,10,2020-04-02
怀宁,怀宁最低气温,9,2020-04-01
怀宁,怀宁最低气温,8,2020-03-31
怀宁,怀宁最低气温,7,2020-03-30
怀宁,怀宁最低气温,5,2020-03-29
怀宁,怀宁最低气温,4,2020-03-28
怀宁,怀宁最低气温,4,2020-03-27
怀宁,怀宁最低气温,11,2020-03-26
怀宁,怀宁最低气温,17,2020-03-25
怀远,怀远最低气温,7,2020-04-23
怀远,怀远最低气温,7,2020-04-22
怀远,怀远最低气温,10,2020-04-21
怀远,怀远最低气温,10,2020-04-20
怀远,怀远最低气温,11,2020-04-19
怀远,怀远最低气温,12,2020-04-18
怀远,怀远最低气温,12,2020-04-17
怀远,怀远最低气温,12,2020-04-16
怀远,怀远最低气温,15,2020-04-15
怀远,怀远最低气温,9,2020-04-14
怀远,怀远最低气温,11,2020-04-13
怀远,怀远最低气温,5,2020-04-12
怀远,怀远最低气温,7,2020-04-11
怀远,怀远最低气温,7,2020-04-10
怀远,怀远最低气温,10,2020-04-09
怀远,怀远最低气温,9,2020-04-08
怀远,怀远最低气温,8,2020-04-07
怀远,怀远最低气温,7,2020-04-06
怀远,怀远最低气温,7,2020-04-05
怀远,怀远最低气温,6,2020-04-04
怀远,怀远最低气温,9,2020-04-03
怀远,怀远最低气温,7,2020-04-02
怀远,怀远最低气温,8,2020-04-01
怀远,怀远最低气温,7,2020-03-31
怀远,怀远最低气温,7,2020-03-30
怀远,怀远最低气温,3,2020-03-29
怀远,怀远最低气温,6,2020-03-28
怀远,怀远最低气温,5,2020-03-27
怀远,怀远最低气温,8,2020-03-26
怀远,怀远最低气温,13,2020-03-25
淮北,淮北最低气温,5,2020-04-23
淮北,淮北最低气温,7,2020-04-22
淮北,淮北最低气温,9,2020-04-21
淮北,淮北最低气温,10,2020-04-20
淮北,淮北最低气温,12,2020-04-19
淮北,淮北最低气温,11,2020-04-18
淮北,淮北最低气温,9,2020-04-17
淮北,淮北最低气温,10,2020-04-16
淮北,淮北最低气温,15,2020-04-15
淮北,淮北最低气温,11,2020-04-14
淮北,淮北最低气温,11,2020-04-13
淮北,淮北最低气温,5,2020-04-12
淮北,淮北最低气温,7,2020-04-11
淮北,淮北最低气温,5,2020-04-10
淮北,淮北最低气温,8,2020-04-09
淮北,淮北最低气温,9,2020-04-08
淮北,淮北最低气温,8,2020-04-07
淮北,淮北最低气温,7,2020-04-06
淮北,淮北最低气温,7,2020-04-05
淮北,淮北最低气温,5,2020-04-04
淮北,淮北最低气温,7,2020-04-03
淮北,淮北最低气温,6,2020-04-02
淮北,淮北最低气温,8,2020-04-01
淮北,淮北最低气温,6,2020-03-31
淮北,淮北最低气温,6,2020-03-30
淮北,淮北最低气温,3,2020-03-29
淮北,淮北最低气温,6,2020-03-28
淮北,淮北最低气温,6,2020-03-27
淮北,淮北最低气温,7,2020-03-26
淮北,淮北最低气温,12,2020-03-25
淮南,淮南最低气温,7,2020-04-23
淮南,淮南最低气温,8,2020-04-22
淮南,淮南最低气温,9,2020-04-21
淮南,淮南最低气温,10,2020-04-20
淮南,淮南最低气温,10,2020-04-19
淮南,淮南最低气温,12,2020-04-18
淮南,淮南最低气温,12,2020-04-17
淮南,淮南最低气温,13,2020-04-16
淮南,淮南最低气温,16,2020-04-15
淮南,淮南最低气温,11,2020-04-14
淮南,淮南最低气温,10,2020-04-13
淮南,淮南最低气温,5,2020-04-12
淮南,淮南最低气温,7,2020-04-11
淮南,淮南最低气温,7,2020-04-10
淮南,淮南最低气温,11,2020-04-09
淮南,淮南最低气温,9,2020-04-08
淮南,淮南最低气温,7,2020-04-07
淮南,淮南最低气温,7,2020-04-06
淮南,淮南最低气温,8,2020-04-05
淮南,淮南最低气温,6,2020-04-04
淮南,淮南最低气温,9,2020-04-03
淮南,淮南最低气温,8,2020-04-02
淮南,淮南最低气温,9,2020-04-01
淮南,淮南最低气温,7,2020-03-31
淮南,淮南最低气温,6,2020-03-30
淮南,淮南最低气温,3,2020-03-29
淮南,淮南最低气温,5,2020-03-28
淮南,淮南最低气温,5,2020-03-27
淮南,淮南最低气温,8,2020-03-26
淮南,淮南最低气温,12,2020-03-25
黄山,黄山最低气温,8,2020-04-23
黄山,黄山最低气温,12,2020-04-22
黄山,黄山最低气温,10,2020-04-21
黄山,黄山最低气温,11,2020-04-20
黄山,黄山最低气温,11,2020-04-19
黄山,黄山最低气温,15,2020-04-18
黄山,黄山最低气温,14,2020-04-17
黄山,黄山最低气温,17,2020-04-16
黄山,黄山最低气温,12,2020-04-15
黄山,黄山最低气温,9,2020-04-14
黄山,黄山最低气温,7,2020-04-13
黄山,黄山最低气温,5,2020-04-12
黄山,黄山最低气温,4,2020-04-11
黄山,黄山最低气温,13,2020-04-10
黄山,黄山最低气温,10,2020-04-09
黄山,黄山最低气温,8,2020-04-08
黄山,黄山最低气温,7,2020-04-07
黄山,黄山最低气温,6,2020-04-06
黄山,黄山最低气温,8,2020-04-05
黄山,黄山最低气温,9,2020-04-04
黄山,黄山最低气温,11,2020-04-03
黄山,黄山最低气温,11,2020-04-02
黄山,黄山最低气温,8,2020-04-01
黄山,黄山最低气温,9,2020-03-31
黄山,黄山最低气温,7,2020-03-30
黄山,黄山最低气温,6,2020-03-29
黄山,黄山最低气温,4,2020-03-28
黄山,黄山最低气温,5,2020-03-27
黄山,黄山最低气温,13,2020-03-26
黄山,黄山最低气温,15,2020-03-25
霍山,霍山最低气温,8,2020-04-23
霍山,霍山最低气温,11,2020-04-22
霍山,霍山最低气温,10,2020-04-21
霍山,霍山最低气温,10,2020-04-20
霍山,霍山最低气温,8,2020-04-19
霍山,霍山最低气温,12,2020-04-18
霍山,霍山最低气温,14,2020-04-17
霍山,霍山最低气温,15,2020-04-16
霍山,霍山最低气温,15,2020-04-15
霍山,霍山最低气温,11,2020-04-14
霍山,霍山最低气温,8,2020-04-13
霍山,霍山最低气温,6,2020-04-12
霍山,霍山最低气温,5,2020-04-11
霍山,霍山最低气温,7,2020-04-10
霍山,霍山最低气温,9,2020-04-09
霍山,霍山最低气温,7,2020-04-08
霍山,霍山最低气温,6,2020-04-07
霍山,霍山最低气温,6,2020-04-06
霍山,霍山最低气温,7,2020-04-05
霍山,霍山最低气温,7,2020-04-04
霍山,霍山最低气温,9,2020-04-03
霍山,霍山最低气温,7,2020-04-02
霍山,霍山最低气温,7,2020-04-01
霍山,霍山最低气温,6,2020-03-31
霍山,霍山最低气温,6,2020-03-30
霍山,霍山最低气温,3,2020-03-29
霍山,霍山最低气温,2,2020-03-28
霍山,霍山最低气温,3,2020-03-27
霍山,霍山最低气温,8,2020-03-26
霍山,霍山最低气温,15,2020-03-25
界首,界首最低气温,7,2020-04-23
界首,界首最低气温,7,2020-04-22
界首,界首最低气温,8,2020-04-21
界首,界首最低气温,10,2020-04-20
界首,界首最低气温,11,2020-04-19
界首,界首最低气温,11,2020-04-18
界首,界首最低气温,13,2020-04-17
界首,界首最低气温,12,2020-04-16
界首,界首最低气温,15,2020-04-15
界首,界首最低气温,11,2020-04-14
界首,界首最低气温,11,2020-04-13
界首,界首最低气温,4,2020-04-12
界首,界首最低气温,6,2020-04-11
界首,界首最低气温,5,2020-04-10
界首,界首最低气温,8,2020-04-09
界首,界首最低气温,10,2020-04-08
界首,界首最低气温,7,2020-04-07
界首,界首最低气温,5,2020-04-06
界首,界首最低气温,8,2020-04-05
界首,界首最低气温,7,2020-04-04
界首,界首最低气温,6,2020-04-03
界首,界首最低气温,6,2020-04-02
界首,界首最低气温,8,2020-04-01
界首,界首最低气温,6,2020-03-31
界首,界首最低气温,5,2020-03-30
界首,界首最低气温,1,2020-03-29
界首,界首最低气温,5,2020-03-28
界首,界首最低气温,5,2020-03-27
界首,界首最低气温,8,2020-03-26
界首,界首最低气温,13,2020-03-25
金寨,金寨最低气温,8,2020-04-23
金寨,金寨最低气温,10,2020-04-22
金寨,金寨最低气温,10,2020-04-21
金寨,金寨最低气温,9,2020-04-20
金寨,金寨最低气温,11,2020-04-19
金寨,金寨最低气温,11,2020-04-18
金寨,金寨最低气温,12,2020-04-17
金寨,金寨最低气温,15,2020-04-16
金寨,金寨最低气温,15,2020-04-15
金寨,金寨最低气温,11,2020-04-14
金寨,金寨最低气温,11,2020-04-13
金寨,金寨最低气温,6,2020-04-12
金寨,金寨最低气温,6,2020-04-11
金寨,金寨最低气温,7,2020-04-10
金寨,金寨最低气温,11,2020-04-09
金寨,金寨最低气温,10,2020-04-08
金寨,金寨最低气温,9,2020-04-07
金寨,金寨最低气温,8,2020-04-06
金寨,金寨最低气温,8,2020-04-05
金寨,金寨最低气温,8,2020-04-04
金寨,金寨最低气温,10,2020-04-03
金寨,金寨最低气温,8,2020-04-02
金寨,金寨最低气温,7,2020-04-01
金寨,金寨最低气温,5,2020-03-31
金寨,金寨最低气温,5,2020-03-30
金寨,金寨最低气温,3,2020-03-29
金寨,金寨最低气温,3,2020-03-28
金寨,金寨最低气温,3,2020-03-27
金寨,金寨最低气温,7,2020-03-26
金寨,金寨最低气温,15,2020-03-25
旌德,旌德最低气温,7,2020-04-23
旌德,旌德最低气温,10,2020-04-22
旌德,旌德最低气温,9,2020-04-21
旌德,旌德最低气温,11,2020-04-20
旌德,旌德最低气温,9,2020-04-19
旌德,旌德最低气温,13,2020-04-18
旌德,旌德最低气温,12,2020-04-17
旌德,旌德最低气温,14,2020-04-16
旌德,旌德最低气温,12,2020-04-15
旌德,旌德最低气温,7,2020-04-14
旌德,旌德最低气温,6,2020-04-13
旌德,旌德最低气温,4,2020-04-12
旌德,旌德最低气温,3,2020-04-11
旌德,旌德最低气温,12,2020-04-10
旌德,旌德最低气温,11,2020-04-09
旌德,旌德最低气温,9,2020-04-08
旌德,旌德最低气温,6,2020-04-07
旌德,旌德最低气温,5,2020-04-06
旌德,旌德最低气温,6,2020-04-05
旌德,旌德最低气温,6,2020-04-04
旌德,旌德最低气温,8,2020-04-03
旌德,旌德最低气温,9,2020-04-02
旌德,旌德最低气温,6,2020-04-01
旌德,旌德最低气温,8,2020-03-31
旌德,旌德最低气温,5,2020-03-30
旌德,旌德最低气温,6,2020-03-29
旌德,旌德最低气温,1,2020-03-28
旌德,旌德最低气温,3,2020-03-27
旌德,旌德最低气温,10,2020-03-26
旌德,旌德最低气温,13,2020-03-25
九华山,九华山最低气温,8,2020-04-23
九华山,九华山最低气温,9,2020-04-22
九华山,九华山最低气温,10,2020-04-21
九华山,九华山最低气温,10,2020-04-20
九华山,九华山最低气温,7,2020-04-19
九华山,九华山最低气温,12,2020-04-18
九华山,九华山最低气温,12,2020-04-17
九华山,九华山最低气温,16,2020-04-16
九华山,九华山最低气温,12,2020-04-15
九华山,九华山最低气温,8,2020-04-14
九华山,九华山最低气温,8,2020-04-13
九华山,九华山最低气温,3,2020-04-12
九华山,九华山最低气温,4,2020-04-11
九华山,九华山最低气温,7,2020-04-10
九华山,九华山最低气温,12,2020-04-09
九华山,九华山最低气温,10,2020-04-08
九华山,九华山最低气温,9,2020-04-07
九华山,九华山最低气温,9,2020-04-06
九华山,九华山最低气温,7,2020-04-05
九华山,九华山最低气温,5,2020-04-04
九华山,九华山最低气温,8,2020-04-03
九华山,九华山最低气温,6,2020-04-02
九华山,九华山最低气温,5,2020-04-01
九华山,九华山最低气温,6,2020-03-31
九华山,九华山最低气温,3,2020-03-30
九华山,九华山最低气温,0,2020-03-29
九华山,九华山最低气温,2,2020-03-28
九华山,九华山最低气温,2,2020-03-27
九华山,九华山最低气温,9,2020-03-26
九华山,九华山最低气温,14,2020-03-25
来安,来安最低气温,6,2020-04-23
来安,来安最低气温,7,2020-04-22
来安,来安最低气温,10,2020-04-21
来安,来安最低气温,11,2020-04-20
来安,来安最低气温,9,2020-04-19
来安,来安最低气温,11,2020-04-18
来安,来安最低气温,10,2020-04-17
来安,来安最低气温,15,2020-04-16
来安,来安最低气温,13,2020-04-15
来安,来安最低气温,8,2020-04-14
来安,来安最低气温,8,2020-04-13
来安,来安最低气温,6,2020-04-12
来安,来安最低气温,6,2020-04-11
来安,来安最低气温,6,2020-04-10
来安,来安最低气温,10,2020-04-09
来安,来安最低气温,8,2020-04-08
来安,来安最低气温,7,2020-04-07
来安,来安最低气温,6,2020-04-06
来安,来安最低气温,6,2020-04-05
来安,来安最低气温,5,2020-04-04
来安,来安最低气温,10,2020-04-03
来安,来安最低气温,7,2020-04-02
来安,来安最低气温,6,2020-04-01
来安,来安最低气温,7,2020-03-31
来安,来安最低气温,7,2020-03-30
来安,来安最低气温,3,2020-03-29
来安,来安最低气温,3,2020-03-28
来安,来安最低气温,4,2020-03-27
来安,来安最低气温,8,2020-03-26
来安,来安最低气温,13,2020-03-25
郎溪,郎溪最低气温,7,2020-04-23
郎溪,郎溪最低气温,11,2020-04-22
郎溪,郎溪最低气温,10,2020-04-21
郎溪,郎溪最低气温,12,2020-04-20
郎溪,郎溪最低气温,10,2020-04-19
郎溪,郎溪最低气温,13,2020-04-18
郎溪,郎溪最低气温,13,2020-04-17
郎溪,郎溪最低气温,15,2020-04-16
郎溪,郎溪最低气温,14,2020-04-15
郎溪,郎溪最低气温,9,2020-04-14
郎溪,郎溪最低气温,6,2020-04-13
郎溪,郎溪最低气温,5,2020-04-12
郎溪,郎溪最低气温,7,2020-04-11
郎溪,郎溪最低气温,11,2020-04-10
郎溪,郎溪最低气温,11,2020-04-09
郎溪,郎溪最低气温,10,2020-04-08
郎溪,郎溪最低气温,6,2020-04-07
郎溪,郎溪最低气温,6,2020-04-06
郎溪,郎溪最低气温,8,2020-04-05
郎溪,郎溪最低气温,6,2020-04-04
郎溪,郎溪最低气温,8,2020-04-03
郎溪,郎溪最低气温,8,2020-04-02
郎溪,郎溪最低气温,8,2020-04-01
郎溪,郎溪最低气温,10,2020-03-31
郎溪,郎溪最低气温,7,2020-03-30
郎溪,郎溪最低气温,6,2020-03-29
郎溪,郎溪最低气温,2,2020-03-28
郎溪,郎溪最低气温,4,2020-03-27
郎溪,郎溪最低气温,10,2020-03-26
郎溪,郎溪最低气温,14,2020-03-25
利辛,利辛最低气温,5,2020-04-23
利辛,利辛最低气温,7,2020-04-22
利辛,利辛最低气温,7,2020-04-21
利辛,利辛最低气温,10,2020-04-20
利辛,利辛最低气温,10,2020-04-19
利辛,利辛最低气温,12,2020-04-18
利辛,利辛最低气温,12,2020-04-17
利辛,利辛最低气温,11,2020-04-16
利辛,利辛最低气温,16,2020-04-15
利辛,利辛最低气温,11,2020-04-14
利辛,利辛最低气温,11,2020-04-13
利辛,利辛最低气温,4,2020-04-12
利辛,利辛最低气温,7,2020-04-11
利辛,利辛最低气温,6,2020-04-10
利辛,利辛最低气温,9,2020-04-09
利辛,利辛最低气温,9,2020-04-08
利辛,利辛最低气温,7,2020-04-07
利辛,利辛最低气温,6,2020-04-06
利辛,利辛最低气温,8,2020-04-05
利辛,利辛最低气温,6,2020-04-04
利辛,利辛最低气温,7,2020-04-03
利辛,利辛最低气温,6,2020-04-02
利辛,利辛最低气温,9,2020-04-01
利辛,利辛最低气温,6,2020-03-31
利辛,利辛最低气温,6,2020-03-30
利辛,利辛最低气温,1,2020-03-29
利辛,利辛最低气温,5,2020-03-28
利辛,利辛最低气温,5,2020-03-27
利辛,利辛最低气温,8,2020-03-26
利辛,利辛最低气温,14,2020-03-25
临泉,临泉最低气温,7,2020-04-23
临泉,临泉最低气温,8,2020-04-22
临泉,临泉最低气温,8,2020-04-21
临泉,临泉最低气温,9,2020-04-20
临泉,临泉最低气温,11,2020-04-19
临泉,临泉最低气温,11,2020-04-18
临泉,临泉最低气温,13,2020-04-17
临泉,临泉最低气温,12,2020-04-16
临泉,临泉最低气温,15,2020-04-15
临泉,临泉最低气温,12,2020-04-14
临泉,临泉最低气温,11,2020-04-13
临泉,临泉最低气温,5,2020-04-12
临泉,临泉最低气温,7,2020-04-11
临泉,临泉最低气温,6,2020-04-10
临泉,临泉最低气温,9,2020-04-09
临泉,临泉最低气温,9,2020-04-08
临泉,临泉最低气温,7,2020-04-07
临泉,临泉最低气温,7,2020-04-06
临泉,临泉最低气温,9,2020-04-05
临泉,临泉最低气温,8,2020-04-04
临泉,临泉最低气温,7,2020-04-03
临泉,临泉最低气温,6,2020-04-02
临泉,临泉最低气温,9,2020-04-01
临泉,临泉最低气温,6,2020-03-31
临泉,临泉最低气温,5,2020-03-30
临泉,临泉最低气温,1,2020-03-29
临泉,临泉最低气温,5,2020-03-28
临泉,临泉最低气温,5,2020-03-27
临泉,临泉最低气温,8,2020-03-26
临泉,临泉最低气温,14,2020-03-25
灵璧,灵璧最低气温,4,2020-04-23
灵璧,灵璧最低气温,5,2020-04-22
灵璧,灵璧最低气温,9,2020-04-21
灵璧,灵璧最低气温,9,2020-04-20
灵璧,灵璧最低气温,10,2020-04-19
灵璧,灵璧最低气温,11,2020-04-18
灵璧,灵璧最低气温,9,2020-04-17
灵璧,灵璧最低气温,10,2020-04-16
灵璧,灵璧最低气温,15,2020-04-15
灵璧,灵璧最低气温,9,2020-04-14
灵璧,灵璧最低气温,10,2020-04-13
灵璧,灵璧最低气温,4,2020-04-12
灵璧,灵璧最低气温,6,2020-04-11
灵璧,灵璧最低气温,5,2020-04-10
灵璧,灵璧最低气温,8,2020-04-09
灵璧,灵璧最低气温,9,2020-04-08
灵璧,灵璧最低气温,6,2020-04-07
灵璧,灵璧最低气温,3,2020-04-06
灵璧,灵璧最低气温,6,2020-04-05
灵璧,灵璧最低气温,4,2020-04-04
灵璧,灵璧最低气温,7,2020-04-03
灵璧,灵璧最低气温,6,2020-04-02
灵璧,灵璧最低气温,7,2020-04-01
灵璧,灵璧最低气温,6,2020-03-31
灵璧,灵璧最低气温,7,2020-03-30
灵璧,灵璧最低气温,2,2020-03-29
灵璧,灵璧最低气温,6,2020-03-28
灵璧,灵璧最低气温,6,2020-03-27
灵璧,灵璧最低气温,7,2020-03-26
灵璧,灵璧最低气温,11,2020-03-25
六安,六安最低气温,8,2020-04-23
六安,六安最低气温,11,2020-04-22
六安,六安最低气温,9,2020-04-21
六安,六安最低气温,10,2020-04-20
六安,六安最低气温,9,2020-04-19
六安,六安最低气温,12,2020-04-18
六安,六安最低气温,14,2020-04-17
六安,六安最低气温,15,2020-04-16
六安,六安最低气温,14,2020-04-15
六安,六安最低气温,10,2020-04-14
六安,六安最低气温,9,2020-04-13
六安,六安最低气温,6,2020-04-12
六安,六安最低气温,7,2020-04-11
六安,六安最低气温,8,2020-04-10
六安,六安最低气温,12,2020-04-09
六安,六安最低气温,8,2020-04-08
六安,六安最低气温,7,2020-04-07
六安,六安最低气温,8,2020-04-06
六安,六安最低气温,8,2020-04-05
六安,六安最低气温,8,2020-04-04
六安,六安最低气温,9,2020-04-03
六安,六安最低气温,7,2020-04-02
六安,六安最低气温,9,2020-04-01
六安,六安最低气温,6,2020-03-31
六安,六安最低气温,6,2020-03-30
六安,六安最低气温,2,2020-03-29
六安,六安最低气温,3,2020-03-28
六安,六安最低气温,4,2020-03-27
六安,六安最低气温,9,2020-03-26
六安,六安最低气温,15,2020-03-25
庐江,庐江最低气温,8,2020-04-23
庐江,庐江最低气温,12,2020-04-22
庐江,庐江最低气温,10,2020-04-21
庐江,庐江最低气温,12,2020-04-20
庐江,庐江最低气温,10,2020-04-19
庐江,庐江最低气温,13,2020-04-18
庐江,庐江最低气温,14,2020-04-17
庐江,庐江最低气温,15,2020-04-16
庐江,庐江最低气温,14,2020-04-15
庐江,庐江最低气温,11,2020-04-14
庐江,庐江最低气温,9,2020-04-13
庐江,庐江最低气温,7,2020-04-12
庐江,庐江最低气温,7,2020-04-11
庐江,庐江最低气温,8,2020-04-10
庐江,庐江最低气温,12,2020-04-09
庐江,庐江最低气温,8,2020-04-08
庐江,庐江最低气温,6,2020-04-07
庐江,庐江最低气温,8,2020-04-06
庐江,庐江最低气温,8,2020-04-05
庐江,庐江最低气温,7,2020-04-04
庐江,庐江最低气温,8,2020-04-03
庐江,庐江最低气温,9,2020-04-02
庐江,庐江最低气温,9,2020-04-01
庐江,庐江最低气温,9,2020-03-31
庐江,庐江最低气温,7,2020-03-30
庐江,庐江最低气温,4,2020-03-29
庐江,庐江最低气温,3,2020-03-28
庐江,庐江最低气温,5,2020-03-27
庐江,庐江最低气温,10,2020-03-26
庐江,庐江最低气温,15,2020-03-25
马鞍山,马鞍山最低气温,9,2020-04-23
马鞍山,马鞍山最低气温,10,2020-04-22
马鞍山,马鞍山最低气温,10,2020-04-21
马鞍山,马鞍山最低气温,11,2020-04-20
马鞍山,马鞍山最低气温,10,2020-04-19
马鞍山,马鞍山最低气温,13,2020-04-18
马鞍山,马鞍山最低气温,13,2020-04-17
马鞍山,马鞍山最低气温,15,2020-04-16
马鞍山,马鞍山最低气温,14,2020-04-15
马鞍山,马鞍山最低气温,10,2020-04-14
马鞍山,马鞍山最低气温,7,2020-04-13
马鞍山,马鞍山最低气温,5,2020-04-12
马鞍山,马鞍山最低气温,7,2020-04-11
马鞍山,马鞍山最低气温,8,2020-04-10
马鞍山,马鞍山最低气温,12,2020-04-09
马鞍山,马鞍山最低气温,9,2020-04-08
马鞍山,马鞍山最低气温,8,2020-04-07
马鞍山,马鞍山最低气温,7,2020-04-06
马鞍山,马鞍山最低气温,8,2020-04-05
马鞍山,马鞍山最低气温,6,2020-04-04
马鞍山,马鞍山最低气温,7,2020-04-03
马鞍山,马鞍山最低气温,8,2020-04-02
马鞍山,马鞍山最低气温,8,2020-04-01
马鞍山,马鞍山最低气温,9,2020-03-31
马鞍山,马鞍山最低气温,6,2020-03-30
马鞍山,马鞍山最低气温,4,2020-03-29
马鞍山,马鞍山最低气温,3,2020-03-28
马鞍山,马鞍山最低气温,3,2020-03-27
马鞍山,马鞍山最低气温,9,2020-03-26
马鞍山,马鞍山最低气温,14,2020-03-25
蒙城,蒙城最低气温,5,2020-04-23
蒙城,蒙城最低气温,7,2020-04-22
蒙城,蒙城最低气温,8,2020-04-21
蒙城,蒙城最低气温,10,2020-04-20
蒙城,蒙城最低气温,11,2020-04-19
蒙城,蒙城最低气温,12,2020-04-18
蒙城,蒙城最低气温,11,2020-04-17
蒙城,蒙城最低气温,11,2020-04-16
蒙城,蒙城最低气温,16,2020-04-15
蒙城,蒙城最低气温,11,2020-04-14
蒙城,蒙城最低气温,12,2020-04-13
蒙城,蒙城最低气温,4,2020-04-12
蒙城,蒙城最低气温,6,2020-04-11
蒙城,蒙城最低气温,6,2020-04-10
蒙城,蒙城最低气温,8,2020-04-09
蒙城,蒙城最低气温,9,2020-04-08
蒙城,蒙城最低气温,8,2020-04-07
蒙城,蒙城最低气温,5,2020-04-06
蒙城,蒙城最低气温,7,2020-04-05
蒙城,蒙城最低气温,6,2020-04-04
蒙城,蒙城最低气温,8,2020-04-03
蒙城,蒙城最低气温,5,2020-04-02
蒙城,蒙城最低气温,8,2020-04-01
蒙城,蒙城最低气温,7,2020-03-31
蒙城,蒙城最低气温,7,2020-03-30
蒙城,蒙城最低气温,1,2020-03-29
蒙城,蒙城最低气温,5,2020-03-28
蒙城,蒙城最低气温,5,2020-03-27
蒙城,蒙城最低气温,7,2020-03-26
蒙城,蒙城最低气温,13,2020-03-25
明光,明光最低气温,7,2020-04-23
明光,明光最低气温,8,2020-04-22
明光,明光最低气温,8,2020-04-21
明光,明光最低气温,10,2020-04-20
明光,明光最低气温,10,2020-04-19
明光,明光最低气温,12,2020-04-18
明光,明光最低气温,11,2020-04-17
明光,明光最低气温,13,2020-04-16
明光,明光最低气温,15,2020-04-15
明光,明光最低气温,10,2020-04-14
明光,明光最低气温,10,2020-04-13
明光,明光最低气温,5,2020-04-12
明光,明光最低气温,7,2020-04-11
明光,明光最低气温,7,2020-04-10
明光,明光最低气温,10,2020-04-09
明光,明光最低气温,9,2020-04-08
明光,明光最低气温,6,2020-04-07
明光,明光最低气温,5,2020-04-06
明光,明光最低气温,7,2020-04-05
明光,明光最低气温,5,2020-04-04
明光,明光最低气温,9,2020-04-03
明光,明光最低气温,7,2020-04-02
明光,明光最低气温,7,2020-04-01
明光,明光最低气温,7,2020-03-31
明光,明光最低气温,7,2020-03-30
明光,明光最低气温,3,2020-03-29
明光,明光最低气温,5,2020-03-28
明光,明光最低气温,6,2020-03-27
明光,明光最低气温,8,2020-03-26
明光,明光最低气温,13,2020-03-25
南陵,南陵最低气温,7,2020-04-23
南陵,南陵最低气温,11,2020-04-22
南陵,南陵最低气温,10,2020-04-21
南陵,南陵最低气温,12,2020-04-20
南陵,南陵最低气温,10,2020-04-19
南陵,南陵最低气温,13,2020-04-18
南陵,南陵最低气温,12,2020-04-17
南陵,南陵最低气温,16,2020-04-16
南陵,南陵最低气温,13,2020-04-15
南陵,南陵最低气温,9,2020-04-14
南陵,南陵最低气温,6,2020-04-13
南陵,南陵最低气温,5,2020-04-12
南陵,南陵最低气温,5,2020-04-11
南陵,南陵最低气温,10,2020-04-10
南陵,南陵最低气温,10,2020-04-09
南陵,南陵最低气温,8,2020-04-08
南陵,南陵最低气温,5,2020-04-07
南陵,南陵最低气温,5,2020-04-06
南陵,南陵最低气温,8,2020-04-05
南陵,南陵最低气温,6,2020-04-04
南陵,南陵最低气温,7,2020-04-03
南陵,南陵最低气温,8,2020-04-02
南陵,南陵最低气温,8,2020-04-01
南陵,南陵最低气温,10,2020-03-31
南陵,南陵最低气温,6,2020-03-30
南陵,南陵最低气温,5,2020-03-29
南陵,南陵最低气温,2,2020-03-28
南陵,南陵最低气温,3,2020-03-27
南陵,南陵最低气温,10,2020-03-26
南陵,南陵最低气温,13,2020-03-25
宁国,宁国最低气温,6,2020-04-23
宁国,宁国最低气温,10,2020-04-22
宁国,宁国最低气温,9,2020-04-21
宁国,宁国最低气温,10,2020-04-20
宁国,宁国最低气温,9,2020-04-19
宁国,宁国最低气温,13,2020-04-18
宁国,宁国最低气温,11,2020-04-17
宁国,宁国最低气温,15,2020-04-16
宁国,宁国最低气温,13,2020-04-15
宁国,宁国最低气温,9,2020-04-14
宁国,宁国最低气温,4,2020-04-13
宁国,宁国最低气温,4,2020-04-12
宁国,宁国最低气温,4,2020-04-11
宁国,宁国最低气温,12,2020-04-10
宁国,宁国最低气温,9,2020-04-09
宁国,宁国最低气温,7,2020-04-08
宁国,宁国最低气温,4,2020-04-07
宁国,宁国最低气温,3,2020-04-06
宁国,宁国最低气温,7,2020-04-05
宁国,宁国最低气温,6,2020-04-04
宁国,宁国最低气温,8,2020-04-03
宁国,宁国最低气温,8,2020-04-02
宁国,宁国最低气温,6,2020-04-01
宁国,宁国最低气温,10,2020-03-31
宁国,宁国最低气温,6,2020-03-30
宁国,宁国最低气温,5,2020-03-29
宁国,宁国最低气温,2,2020-03-28
宁国,宁国最低气温,5,2020-03-27
宁国,宁国最低气温,11,2020-03-26
宁国,宁国最低气温,13,2020-03-25
祁门,祁门最低气温,7,2020-04-23
祁门,祁门最低气温,10,2020-04-22
祁门,祁门最低气温,10,2020-04-21
祁门,祁门最低气温,11,2020-04-20
祁门,祁门最低气温,10,2020-04-19
祁门,祁门最低气温,14,2020-04-18
祁门,祁门最低气温,12,2020-04-17
祁门,祁门最低气温,16,2020-04-16
祁门,祁门最低气温,11,2020-04-15
祁门,祁门最低气温,7,2020-04-14
祁门,祁门最低气温,7,2020-04-13
祁门,祁门最低气温,4,2020-04-12
祁门,祁门最低气温,3,2020-04-11
祁门,祁门最低气温,12,2020-04-10
祁门,祁门最低气温,10,2020-04-09
祁门,祁门最低气温,9,2020-04-08
祁门,祁门最低气温,7,2020-04-07
祁门,祁门最低气温,5,2020-04-06
祁门,祁门最低气温,7,2020-04-05
祁门,祁门最低气温,8,2020-04-04
祁门,祁门最低气温,10,2020-04-03
祁门,祁门最低气温,10,2020-04-02
祁门,祁门最低气温,8,2020-04-01
祁门,祁门最低气温,8,2020-03-31
祁门,祁门最低气温,6,2020-03-30
祁门,祁门最低气温,5,2020-03-29
祁门,祁门最低气温,3,2020-03-28
祁门,祁门最低气温,4,2020-03-27
祁门,祁门最低气温,12,2020-03-26
祁门,祁门最低气温,15,2020-03-25
潜山,潜山最低气温,8,2020-04-23
潜山,潜山最低气温,12,2020-04-22
潜山,潜山最低气温,11,2020-04-21
潜山,潜山最低气温,13,2020-04-20
潜山,潜山最低气温,9,2020-04-19
潜山,潜山最低气温,14,2020-04-18
潜山,潜山最低气温,14,2020-04-17
潜山,潜山最低气温,16,2020-04-16
潜山,潜山最低气温,13,2020-04-15
潜山,潜山最低气温,8,2020-04-14
潜山,潜山最低气温,8,2020-04-13
潜山,潜山最低气温,6,2020-04-12
潜山,潜山最低气温,5,2020-04-11
潜山,潜山最低气温,11,2020-04-10
潜山,潜山最低气温,12,2020-04-09
潜山,潜山最低气温,8,2020-04-08
潜山,潜山最低气温,8,2020-04-07
潜山,潜山最低气温,8,2020-04-06
潜山,潜山最低气温,10,2020-04-05
潜山,潜山最低气温,9,2020-04-04
潜山,潜山最低气温,10,2020-04-03
潜山,潜山最低气温,10,2020-04-02
潜山,潜山最低气温,10,2020-04-01
潜山,潜山最低气温,7,2020-03-31
潜山,潜山最低气温,6,2020-03-30
潜山,潜山最低气温,5,2020-03-29
潜山,潜山最低气温,4,2020-03-28
潜山,潜山最低气温,4,2020-03-27
潜山,潜山最低气温,11,2020-03-26
潜山,潜山最低气温,15,2020-03-25
青阳,青阳最低气温,8,2020-04-23
青阳,青阳最低气温,11,2020-04-22
青阳,青阳最低气温,10,2020-04-21
青阳,青阳最低气温,12,2020-04-20
青阳,青阳最低气温,9,2020-04-19
青阳,青阳最低气温,13,2020-04-18
青阳,青阳最低气温,13,2020-04-17
青阳,青阳最低气温,16,2020-04-16
青阳,青阳最低气温,13,2020-04-15
青阳,青阳最低气温,8,2020-04-14
青阳,青阳最低气温,7,2020-04-13
青阳,青阳最低气温,6,2020-04-12
青阳,青阳最低气温,5,2020-04-11
青阳,青阳最低气温,10,2020-04-10
青阳,青阳最低气温,12,2020-04-09
青阳,青阳最低气温,9,2020-04-08
青阳,青阳最低气温,7,2020-04-07
青阳,青阳最低气温,7,2020-04-06
青阳,青阳最低气温,8,2020-04-05
青阳,青阳最低气温,7,2020-04-04
青阳,青阳最低气温,8,2020-04-03
青阳,青阳最低气温,9,2020-04-02
青阳,青阳最低气温,8,2020-04-01
青阳,青阳最低气温,9,2020-03-31
青阳,青阳最低气温,6,2020-03-30
青阳,青阳最低气温,4,2020-03-29
青阳,青阳最低气温,2,2020-03-28
青阳,青阳最低气温,3,2020-03-27
青阳,青阳最低气温,11,2020-03-26
青阳,青阳最低气温,14,2020-03-25
全椒,全椒最低气温,7,2020-04-23
全椒,全椒最低气温,8,2020-04-22
全椒,全椒最低气温,9,2020-04-21
全椒,全椒最低气温,10,2020-04-20
全椒,全椒最低气温,11,2020-04-19
全椒,全椒最低气温,11,2020-04-18
全椒,全椒最低气温,12,2020-04-17
全椒,全椒最低气温,15,2020-04-16
全椒,全椒最低气温,13,2020-04-15
全椒,全椒最低气温,9,2020-04-14
全椒,全椒最低气温,7,2020-04-13
全椒,全椒最低气温,5,2020-04-12
全椒,全椒最低气温,7,2020-04-11
全椒,全椒最低气温,8,2020-04-10
全椒,全椒最低气温,11,2020-04-09
全椒,全椒最低气温,8,2020-04-08
全椒,全椒最低气温,7,2020-04-07
全椒,全椒最低气温,5,2020-04-06
全椒,全椒最低气温,7,2020-04-05
全椒,全椒最低气温,5,2020-04-04
全椒,全椒最低气温,8,2020-04-03
全椒,全椒最低气温,7,2020-04-02
全椒,全椒最低气温,8,2020-04-01
全椒,全椒最低气温,9,2020-03-31
全椒,全椒最低气温,6,2020-03-30
全椒,全椒最低气温,4,2020-03-29
全椒,全椒最低气温,3,2020-03-28
全椒,全椒最低气温,4,2020-03-27
全椒,全椒最低气温,9,2020-03-26
全椒,全椒最低气温,13,2020-03-25
石台,石台最低气温,7,2020-04-23
石台,石台最低气温,11,2020-04-22
石台,石台最低气温,9,2020-04-21
石台,石台最低气温,10,2020-04-20
石台,石台最低气温,8,2020-04-19
石台,石台最低气温,13,2020-04-18
石台,石台最低气温,13,2020-04-17
石台,石台最低气温,16,2020-04-16
石台,石台最低气温,12,2020-04-15
石台,石台最低气温,7,2020-04-14
石台,石台最低气温,6,2020-04-13
石台,石台最低气温,6,2020-04-12
石台,石台最低气温,3,2020-04-11
石台,石台最低气温,10,2020-04-10
石台,石台最低气温,10,2020-04-09
石台,石台最低气温,8,2020-04-08
石台,石台最低气温,7,2020-04-07
石台,石台最低气温,6,2020-04-06
石台,石台最低气温,7,2020-04-05
石台,石台最低气温,7,2020-04-04
石台,石台最低气温,9,2020-04-03
石台,石台最低气温,9,2020-04-02
石台,石台最低气温,6,2020-04-01
石台,石台最低气温,8,2020-03-31
石台,石台最低气温,5,2020-03-30
石台,石台最低气温,4,2020-03-29
石台,石台最低气温,3,2020-03-28
石台,石台最低气温,4,2020-03-27
石台,石台最低气温,10,2020-03-26
石台,石台最低气温,15,2020-03-25
寿县,寿县最低气温,7,2020-04-23
寿县,寿县最低气温,8,2020-04-22
寿县,寿县最低气温,11,2020-04-21
寿县,寿县最低气温,10,2020-04-20
寿县,寿县最低气温,10,2020-04-19
寿县,寿县最低气温,12,2020-04-18
寿县,寿县最低气温,12,2020-04-17
寿县,寿县最低气温,13,2020-04-16
寿县,寿县最低气温,15,2020-04-15
寿县,寿县最低气温,10,2020-04-14
寿县,寿县最低气温,10,2020-04-13
寿县,寿县最低气温,5,2020-04-12
寿县,寿县最低气温,6,2020-04-11
寿县,寿县最低气温,7,2020-04-10
寿县,寿县最低气温,9,2020-04-09
寿县,寿县最低气温,9,2020-04-08
寿县,寿县最低气温,7,2020-04-07
寿县,寿县最低气温,5,2020-04-06
寿县,寿县最低气温,7,2020-04-05
寿县,寿县最低气温,7,2020-04-04
寿县,寿县最低气温,10,2020-04-03
寿县,寿县最低气温,7,2020-04-02
寿县,寿县最低气温,7,2020-04-01
寿县,寿县最低气温,7,2020-03-31
寿县,寿县最低气温,7,2020-03-30
寿县,寿县最低气温,3,2020-03-29
寿县,寿县最低气温,5,2020-03-28
寿县,寿县最低气温,5,2020-03-27
寿县,寿县最低气温,8,2020-03-26
寿县,寿县最低气温,14,2020-03-25
舒城,舒城最低气温,8,2020-04-23
舒城,舒城最低气温,11,2020-04-22
舒城,舒城最低气温,9,2020-04-21
舒城,舒城最低气温,11,2020-04-20
舒城,舒城最低气温,10,2020-04-19
舒城,舒城最低气温,12,2020-04-18
舒城,舒城最低气温,13,2020-04-17
舒城,舒城最低气温,15,2020-04-16
舒城,舒城最低气温,15,2020-04-15
舒城,舒城最低气温,9,2020-04-14
舒城,舒城最低气温,10,2020-04-13
舒城,舒城最低气温,5,2020-04-12
舒城,舒城最低气温,6,2020-04-11
舒城,舒城最低气温,8,2020-04-10
舒城,舒城最低气温,11,2020-04-09
舒城,舒城最低气温,8,2020-04-08
舒城,舒城最低气温,6,2020-04-07
舒城,舒城最低气温,6,2020-04-06
舒城,舒城最低气温,7,2020-04-05
舒城,舒城最低气温,8,2020-04-04
舒城,舒城最低气温,8,2020-04-03
舒城,舒城最低气温,7,2020-04-02
舒城,舒城最低气温,8,2020-04-01
舒城,舒城最低气温,7,2020-03-31
舒城,舒城最低气温,6,2020-03-30
舒城,舒城最低气温,4,2020-03-29
舒城,舒城最低气温,3,2020-03-28
舒城,舒城最低气温,3,2020-03-27
舒城,舒城最低气温,9,2020-03-26
舒城,舒城最低气温,15,2020-03-25
泗县,泗县最低气温,4,2020-04-23
泗县,泗县最低气温,5,2020-04-22
泗县,泗县最低气温,8,2020-04-21
泗县,泗县最低气温,10,2020-04-20
泗县,泗县最低气温,11,2020-04-19
泗县,泗县最低气温,11,2020-04-18
泗县,泗县最低气温,9,2020-04-17
泗县,泗县最低气温,10,2020-04-16
泗县,泗县最低气温,14,2020-04-15
泗县,泗县最低气温,8,2020-04-14
泗县,泗县最低气温,10,2020-04-13
泗县,泗县最低气温,4,2020-04-12
泗县,泗县最低气温,7,2020-04-11
泗县,泗县最低气温,6,2020-04-10
泗县,泗县最低气温,8,2020-04-09
泗县,泗县最低气温,10,2020-04-08
泗县,泗县最低气温,7,2020-04-07
泗县,泗县最低气温,6,2020-04-06
泗县,泗县最低气温,7,2020-04-05
泗县,泗县最低气温,4,2020-04-04
泗县,泗县最低气温,6,2020-04-03
泗县,泗县最低气温,6,2020-04-02
泗县,泗县最低气温,8,2020-04-01
泗县,泗县最低气温,5,2020-03-31
泗县,泗县最低气温,7,2020-03-30
泗县,泗县最低气温,3,2020-03-29
泗县,泗县最低气温,6,2020-03-28
泗县,泗县最低气温,7,2020-03-27
泗县,泗县最低气温,7,2020-03-26
泗县,泗县最低气温,12,2020-03-25
宿松,宿松最低气温,10,2020-04-23
宿松,宿松最低气温,14,2020-04-22
宿松,宿松最低气温,12,2020-04-21
宿松,宿松最低气温,12,2020-04-20
宿松,宿松最低气温,13,2020-04-19
宿松,宿松最低气温,15,2020-04-18
宿松,宿松最低气温,15,2020-04-17
宿松,宿松最低气温,18,2020-04-16
宿松,宿松最低气温,14,2020-04-15
宿松,宿松最低气温,10,2020-04-14
宿松,宿松最低气温,9,2020-04-13
宿松,宿松最低气温,6,2020-04-12
宿松,宿松最低气温,7,2020-04-11
宿松,宿松最低气温,11,2020-04-10
宿松,宿松最低气温,12,2020-04-09
宿松,宿松最低气温,10,2020-04-08
宿松,宿松最低气温,10,2020-04-07
宿松,宿松最低气温,9,2020-04-06
宿松,宿松最低气温,10,2020-04-05
宿松,宿松最低气温,11,2020-04-04
宿松,宿松最低气温,10,2020-04-03
宿松,宿松最低气温,11,2020-04-02
宿松,宿松最低气温,10,2020-04-01
宿松,宿松最低气温,8,2020-03-31
宿松,宿松最低气温,7,2020-03-30
宿松,宿松最低气温,5,2020-03-29
宿松,宿松最低气温,5,2020-03-28
宿松,宿松最低气温,5,2020-03-27
宿松,宿松最低气温,12,2020-03-26
宿松,宿松最低气温,17,2020-03-25
宿州,宿州最低气温,5,2020-04-23
宿州,宿州最低气温,6,2020-04-22
宿州,宿州最低气温,9,2020-04-21
宿州,宿州最低气温,10,2020-04-20
宿州,宿州最低气温,10,2020-04-19
宿州,宿州最低气温,11,2020-04-18
宿州,宿州最低气温,10,2020-04-17
宿州,宿州最低气温,10,2020-04-16
宿州,宿州最低气温,16,2020-04-15
宿州,宿州最低气温,9,2020-04-14
宿州,宿州最低气温,11,2020-04-13
宿州,宿州最低气温,5,2020-04-12
宿州,宿州最低气温,6,2020-04-11
宿州,宿州最低气温,5,2020-04-10
宿州,宿州最低气温,8,2020-04-09
宿州,宿州最低气温,10,2020-04-08
宿州,宿州最低气温,6,2020-04-07
宿州,宿州最低气温,4,2020-04-06
宿州,宿州最低气温,6,2020-04-05
宿州,宿州最低气温,4,2020-04-04
宿州,宿州最低气温,7,2020-04-03
宿州,宿州最低气温,6,2020-04-02
宿州,宿州最低气温,8,2020-04-01
宿州,宿州最低气温,6,2020-03-31
宿州,宿州最低气温,6,2020-03-30
宿州,宿州最低气温,2,2020-03-29
宿州,宿州最低气温,6,2020-03-28
宿州,宿州最低气温,5,2020-03-27
宿州,宿州最低气温,7,2020-03-26
宿州,宿州最低气温,10,2020-03-25
濉溪,濉溪最低气温,5,2020-04-23
濉溪,濉溪最低气温,7,2020-04-22
濉溪,濉溪最低气温,9,2020-04-21
濉溪,濉溪最低气温,10,2020-04-20
濉溪,濉溪最低气温,12,2020-04-19
濉溪,濉溪最低气温,11,2020-04-18
濉溪,濉溪最低气温,9,2020-04-17
濉溪,濉溪最低气温,10,2020-04-16
濉溪,濉溪最低气温,15,2020-04-15
濉溪,濉溪最低气温,10,2020-04-14
濉溪,濉溪最低气温,11,2020-04-13
濉溪,濉溪最低气温,5,2020-04-12
濉溪,濉溪最低气温,6,2020-04-11
濉溪,濉溪最低气温,5,2020-04-10
濉溪,濉溪最低气温,8,2020-04-09
濉溪,濉溪最低气温,9,2020-04-08
濉溪,濉溪最低气温,7,2020-04-07
濉溪,濉溪最低气温,5,2020-04-06
濉溪,濉溪最低气温,7,2020-04-05
濉溪,濉溪最低气温,4,2020-04-04
濉溪,濉溪最低气温,7,2020-04-03
濉溪,濉溪最低气温,6,2020-04-02
濉溪,濉溪最低气温,8,2020-04-01
濉溪,濉溪最低气温,6,2020-03-31
濉溪,濉溪最低气温,6,2020-03-30
濉溪,濉溪最低气温,3,2020-03-29
濉溪,濉溪最低气温,6,2020-03-28
濉溪,濉溪最低气温,6,2020-03-27
濉溪,濉溪最低气温,7,2020-03-26
濉溪,濉溪最低气温,12,2020-03-25
太和,太和最低气温,6,2020-04-23
太和,太和最低气温,7,2020-04-22
太和,太和最低气温,7,2020-04-21
太和,太和最低气温,10,2020-04-20
太和,太和最低气温,10,2020-04-19
太和,太和最低气温,11,2020-04-18
太和,太和最低气温,13,2020-04-17
太和,太和最低气温,11,2020-04-16
太和,太和最低气温,15,2020-04-15
太和,太和最低气温,11,2020-04-14
太和,太和最低气温,11,2020-04-13
太和,太和最低气温,4,2020-04-12
太和,太和最低气温,7,2020-04-11
太和,太和最低气温,6,2020-04-10
太和,太和最低气温,9,2020-04-09
太和,太和最低气温,9,2020-04-08
太和,太和最低气温,6,2020-04-07
太和,太和最低气温,6,2020-04-06
太和,太和最低气温,8,2020-04-05
太和,太和最低气温,7,2020-04-04
太和,太和最低气温,7,2020-04-03
太和,太和最低气温,6,2020-04-02
太和,太和最低气温,9,2020-04-01
太和,太和最低气温,6,2020-03-31
太和,太和最低气温,5,2020-03-30
太和,太和最低气温,2,2020-03-29
太和,太和最低气温,5,2020-03-28
太和,太和最低气温,5,2020-03-27
太和,太和最低气温,8,2020-03-26
太和,太和最低气温,13,2020-03-25
太湖,太湖最低气温,10,2020-04-23
太湖,太湖最低气温,12,2020-04-22
太湖,太湖最低气温,11,2020-04-21
太湖,太湖最低气温,11,2020-04-20
太湖,太湖最低气温,10,2020-04-19
太湖,太湖最低气温,14,2020-04-18
太湖,太湖最低气温,15,2020-04-17
太湖,太湖最低气温,16,2020-04-16
太湖,太湖最低气温,14,2020-04-15
太湖,太湖最低气温,11,2020-04-14
太湖,太湖最低气温,9,2020-04-13
太湖,太湖最低气温,6,2020-04-12
太湖,太湖最低气温,7,2020-04-11
太湖,太湖最低气温,11,2020-04-10
太湖,太湖最低气温,12,2020-04-09
太湖,太湖最低气温,9,2020-04-08
太湖,太湖最低气温,9,2020-04-07
太湖,太湖最低气温,8,2020-04-06
太湖,太湖最低气温,9,2020-04-05
太湖,太湖最低气温,10,2020-04-04
太湖,太湖最低气温,9,2020-04-03
太湖,太湖最低气温,10,2020-04-02
太湖,太湖最低气温,9,2020-04-01
太湖,太湖最低气温,7,2020-03-31
太湖,太湖最低气温,6,2020-03-30
太湖,太湖最低气温,3,2020-03-29
太湖,太湖最低气温,4,2020-03-28
太湖,太湖最低气温,4,2020-03-27
太湖,太湖最低气温,12,2020-03-26
太湖,太湖最低气温,15,2020-03-25
天长,天长最低气温,7,2020-04-23
天长,天长最低气温,8,2020-04-22
天长,天长最低气温,8,2020-04-21
天长,天长最低气温,11,2020-04-20
天长,天长最低气温,10,2020-04-19
天长,天长最低气温,11,2020-04-18
天长,天长最低气温,11,2020-04-17
天长,天长最低气温,14,2020-04-16
天长,天长最低气温,15,2020-04-15
天长,天长最低气温,9,2020-04-14
天长,天长最低气温,9,2020-04-13
天长,天长最低气温,6,2020-04-12
天长,天长最低气温,6,2020-04-11
天长,天长最低气温,7,2020-04-10
天长,天长最低气温,10,2020-04-09
天长,天长最低气温,9,2020-04-08
天长,天长最低气温,7,2020-04-07
天长,天长最低气温,7,2020-04-06
天长,天长最低气温,7,2020-04-05
天长,天长最低气温,6,2020-04-04
天长,天长最低气温,7,2020-04-03
天长,天长最低气温,8,2020-04-02
天长,天长最低气温,7,2020-04-01
天长,天长最低气温,8,2020-03-31
天长,天长最低气温,8,2020-03-30
天长,天长最低气温,4,2020-03-29
天长,天长最低气温,4,2020-03-28
天长,天长最低气温,5,2020-03-27
天长,天长最低气温,8,2020-03-26
天长,天长最低气温,12,2020-03-25
桐城,桐城最低气温,9,2020-04-23
桐城,桐城最低气温,11,2020-04-22
桐城,桐城最低气温,10,2020-04-21
桐城,桐城最低气温,12,2020-04-20
桐城,桐城最低气温,9,2020-04-19
桐城,桐城最低气温,13,2020-04-18
桐城,桐城最低气温,13,2020-04-17
桐城,桐城最低气温,15,2020-04-16
桐城,桐城最低气温,14,2020-04-15
桐城,桐城最低气温,9,2020-04-14
桐城,桐城最低气温,9,2020-04-13
桐城,桐城最低气温,7,2020-04-12
桐城,桐城最低气温,6,2020-04-11
桐城,桐城最低气温,9,2020-04-10
桐城,桐城最低气温,12,2020-04-09
桐城,桐城最低气温,10,2020-04-08
桐城,桐城最低气温,8,2020-04-07
桐城,桐城最低气温,7,2020-04-06
桐城,桐城最低气温,7,2020-04-05
桐城,桐城最低气温,7,2020-04-04
桐城,桐城最低气温,9,2020-04-03
桐城,桐城最低气温,9,2020-04-02
桐城,桐城最低气温,8,2020-04-01
桐城,桐城最低气温,7,2020-03-31
桐城,桐城最低气温,6,2020-03-30
桐城,桐城最低气温,4,2020-03-29
桐城,桐城最低气温,3,2020-03-28
桐城,桐城最低气温,4,2020-03-27
桐城,桐城最低气温,9,2020-03-26
桐城,桐城最低气温,16,2020-03-25
屯溪,屯溪最低气温,8,2020-04-23
屯溪,屯溪最低气温,12,2020-04-22
屯溪,屯溪最低气温,10,2020-04-21
屯溪,屯溪最低气温,11,2020-04-20
屯溪,屯溪最低气温,11,2020-04-19
屯溪,屯溪最低气温,15,2020-04-18
屯溪,屯溪最低气温,14,2020-04-17
屯溪,屯溪最低气温,17,2020-04-16
屯溪,屯溪最低气温,12,2020-04-15
屯溪,屯溪最低气温,9,2020-04-14
屯溪,屯溪最低气温,7,2020-04-13
屯溪,屯溪最低气温,5,2020-04-12
屯溪,屯溪最低气温,4,2020-04-11
屯溪,屯溪最低气温,13,2020-04-10
屯溪,屯溪最低气温,10,2020-04-09
屯溪,屯溪最低气温,8,2020-04-08
屯溪,屯溪最低气温,7,2020-04-07
屯溪,屯溪最低气温,6,2020-04-06
屯溪,屯溪最低气温,8,2020-04-05
屯溪,屯溪最低气温,9,2020-04-04
屯溪,屯溪最低气温,11,2020-04-03
屯溪,屯溪最低气温,11,2020-04-02
屯溪,屯溪最低气温,8,2020-04-01
屯溪,屯溪最低气温,9,2020-03-31
屯溪,屯溪最低气温,7,2020-03-30
屯溪,屯溪最低气温,6,2020-03-29
屯溪,屯溪最低气温,4,2020-03-28
屯溪,屯溪最低气温,5,2020-03-27
屯溪,屯溪最低气温,13,2020-03-26
屯溪,屯溪最低气温,15,2020-03-25
望江,望江最低气温,9,2020-04-23
望江,望江最低气温,13,2020-04-22
望江,望江最低气温,12,2020-04-21
望江,望江最低气温,12,2020-04-20
望江,望江最低气温,11,2020-04-19
望江,望江最低气温,15,2020-04-18
望江,望江最低气温,15,2020-04-17
望江,望江最低气温,17,2020-04-16
望江,望江最低气温,14,2020-04-15
望江,望江最低气温,10,2020-04-14
望江,望江最低气温,9,2020-04-13
望江,望江最低气温,6,2020-04-12
望江,望江最低气温,7,2020-04-11
望江,望江最低气温,11,2020-04-10
望江,望江最低气温,13,2020-04-09
望江,望江最低气温,11,2020-04-08
望江,望江最低气温,10,2020-04-07
望江,望江最低气温,10,2020-04-06
望江,望江最低气温,10,2020-04-05
望江,望江最低气温,10,2020-04-04
望江,望江最低气温,11,2020-04-03
望江,望江最低气温,11,2020-04-02
望江,望江最低气温,10,2020-04-01
望江,望江最低气温,9,2020-03-31
望江,望江最低气温,7,2020-03-30
望江,望江最低气温,4,2020-03-29
望江,望江最低气温,5,2020-03-28
望江,望江最低气温,5,2020-03-27
望江,望江最低气温,12,2020-03-26
望江,望江最低气温,17,2020-03-25
涡阳,涡阳最低气温,5,2020-04-23
涡阳,涡阳最低气温,7,2020-04-22
涡阳,涡阳最低气温,8,2020-04-21
涡阳,涡阳最低气温,10,2020-04-20
涡阳,涡阳最低气温,11,2020-04-19
涡阳,涡阳最低气温,11,2020-04-18
涡阳,涡阳最低气温,10,2020-04-17
涡阳,涡阳最低气温,11,2020-04-16
涡阳,涡阳最低气温,16,2020-04-15
涡阳,涡阳最低气温,12,2020-04-14
涡阳,涡阳最低气温,11,2020-04-13
涡阳,涡阳最低气温,5,2020-04-12
涡阳,涡阳最低气温,7,2020-04-11
涡阳,涡阳最低气温,6,2020-04-10
涡阳,涡阳最低气温,8,2020-04-09
涡阳,涡阳最低气温,10,2020-04-08
涡阳,涡阳最低气温,8,2020-04-07
涡阳,涡阳最低气温,7,2020-04-06
涡阳,涡阳最低气温,8,2020-04-05
涡阳,涡阳最低气温,7,2020-04-04
涡阳,涡阳最低气温,7,2020-04-03
涡阳,涡阳最低气温,7,2020-04-02
涡阳,涡阳最低气温,9,2020-04-01
涡阳,涡阳最低气温,7,2020-03-31
涡阳,涡阳最低气温,7,2020-03-30
涡阳,涡阳最低气温,2,2020-03-29
涡阳,涡阳最低气温,5,2020-03-28
涡阳,涡阳最低气温,5,2020-03-27
涡阳,涡阳最低气温,8,2020-03-26
涡阳,涡阳最低气温,13,2020-03-25
无为,无为最低气温,8,2020-04-23
无为,无为最低气温,11,2020-04-22
无为,无为最低气温,11,2020-04-21
无为,无为最低气温,12,2020-04-20
无为,无为最低气温,11,2020-04-19
无为,无为最低气温,13,2020-04-18
无为,无为最低气温,14,2020-04-17
无为,无为最低气温,16,2020-04-16
无为,无为最低气温,14,2020-04-15
无为,无为最低气温,10,2020-04-14
无为,无为最低气温,9,2020-04-13
无为,无为最低气温,5,2020-04-12
无为,无为最低气温,7,2020-04-11
无为,无为最低气温,8,2020-04-10
无为,无为最低气温,11,2020-04-09
无为,无为最低气温,9,2020-04-08
无为,无为最低气温,7,2020-04-07
无为,无为最低气温,7,2020-04-06
无为,无为最低气温,8,2020-04-05
无为,无为最低气温,6,2020-04-04
无为,无为最低气温,8,2020-04-03
无为,无为最低气温,8,2020-04-02
无为,无为最低气温,8,2020-04-01
无为,无为最低气温,9,2020-03-31
无为,无为最低气温,7,2020-03-30
无为,无为最低气温,5,2020-03-29
无为,无为最低气温,3,2020-03-28
无为,无为最低气温,4,2020-03-27
无为,无为最低气温,10,2020-03-26
无为,无为最低气温,15,2020-03-25
芜湖,芜湖最低气温,8,2020-04-23
芜湖,芜湖最低气温,11,2020-04-22
芜湖,芜湖最低气温,11,2020-04-21
芜湖,芜湖最低气温,13,2020-04-20
芜湖,芜湖最低气温,11,2020-04-19
芜湖,芜湖最低气温,13,2020-04-18
芜湖,芜湖最低气温,14,2020-04-17
芜湖,芜湖最低气温,16,2020-04-16
芜湖,芜湖最低气温,14,2020-04-15
芜湖,芜湖最低气温,11,2020-04-14
芜湖,芜湖最低气温,7,2020-04-13
芜湖,芜湖最低气温,6,2020-04-12
芜湖,芜湖最低气温,7,2020-04-11
芜湖,芜湖最低气温,9,2020-04-10
芜湖,芜湖最低气温,12,2020-04-09
芜湖,芜湖最低气温,9,2020-04-08
芜湖,芜湖最低气温,7,2020-04-07
芜湖,芜湖最低气温,8,2020-04-06
芜湖,芜湖最低气温,9,2020-04-05
芜湖,芜湖最低气温,7,2020-04-04
芜湖,芜湖最低气温,8,2020-04-03
芜湖,芜湖最低气温,8,2020-04-02
芜湖,芜湖最低气温,9,2020-04-01
芜湖,芜湖最低气温,10,2020-03-31
芜湖,芜湖最低气温,7,2020-03-30
芜湖,芜湖最低气温,5,2020-03-29
芜湖,芜湖最低气温,3,2020-03-28
芜湖,芜湖最低气温,4,2020-03-27
芜湖,芜湖最低气温,10,2020-03-26
芜湖,芜湖最低气温,15,2020-03-25
芜湖县,芜湖县最低气温,7,2020-04-23
芜湖县,芜湖县最低气温,12,2020-04-22
芜湖县,芜湖县最低气温,10,2020-04-21
芜湖县,芜湖县最低气温,12,2020-04-20
芜湖县,芜湖县最低气温,10,2020-04-19
芜湖县,芜湖县最低气温,13,2020-04-18
芜湖县,芜湖县最低气温,13,2020-04-17
芜湖县,芜湖县最低气温,16,2020-04-16
芜湖县,芜湖县最低气温,13,2020-04-15
芜湖县,芜湖县最低气温,10,2020-04-14
芜湖县,芜湖县最低气温,6,2020-04-13
芜湖县,芜湖县最低气温,5,2020-04-12
芜湖县,芜湖县最低气温,6,2020-04-11
芜湖县,芜湖县最低气温,10,2020-04-10
芜湖县,芜湖县最低气温,12,2020-04-09
芜湖县,芜湖县最低气温,10,2020-04-08
芜湖县,芜湖县最低气温,7,2020-04-07
芜湖县,芜湖县最低气温,6,2020-04-06
芜湖县,芜湖县最低气温,8,2020-04-05
芜湖县,芜湖县最低气温,7,2020-04-04
芜湖县,芜湖县最低气温,9,2020-04-03
芜湖县,芜湖县最低气温,9,2020-04-02
芜湖县,芜湖县最低气温,9,2020-04-01
芜湖县,芜湖县最低气温,10,2020-03-31
芜湖县,芜湖县最低气温,7,2020-03-30
芜湖县,芜湖县最低气温,5,2020-03-29
芜湖县,芜湖县最低气温,3,2020-03-28
芜湖县,芜湖县最低气温,3,2020-03-27
芜湖县,芜湖县最低气温,10,2020-03-26
芜湖县,芜湖县最低气温,15,2020-03-25
五河,五河最低气温,6,2020-04-23
五河,五河最低气温,6,2020-04-22
五河,五河最低气温,8,2020-04-21
五河,五河最低气温,9,2020-04-20
五河,五河最低气温,10,2020-04-19
五河,五河最低气温,11,2020-04-18
五河,五河最低气温,11,2020-04-17
五河,五河最低气温,11,2020-04-16
五河,五河最低气温,15,2020-04-15
五河,五河最低气温,9,2020-04-14
五河,五河最低气温,10,2020-04-13
五河,五河最低气温,4,2020-04-12
五河,五河最低气温,6,2020-04-11
五河,五河最低气温,6,2020-04-10
五河,五河最低气温,9,2020-04-09
五河,五河最低气温,10,2020-04-08
五河,五河最低气温,7,2020-04-07
五河,五河最低气温,4,2020-04-06
五河,五河最低气温,7,2020-04-05
五河,五河最低气温,5,2020-04-04
五河,五河最低气温,9,2020-04-03
五河,五河最低气温,6,2020-04-02
五河,五河最低气温,7,2020-04-01
五河,五河最低气温,7,2020-03-31
五河,五河最低气温,7,2020-03-30
五河,五河最低气温,3,2020-03-29
五河,五河最低气温,6,2020-03-28
五河,五河最低气温,6,2020-03-27
五河,五河最低气温,8,2020-03-26
五河,五河最低气温,11,2020-03-25
歙县,歙县最低气温,8,2020-04-23
歙县,歙县最低气温,11,2020-04-22
歙县,歙县最低气温,10,2020-04-21
歙县,歙县最低气温,12,2020-04-20
歙县,歙县最低气温,10,2020-04-19
歙县,歙县最低气温,14,2020-04-18
歙县,歙县最低气温,14,2020-04-17
歙县,歙县最低气温,15,2020-04-16
歙县,歙县最低气温,11,2020-04-15
歙县,歙县最低气温,9,2020-04-14
歙县,歙县最低气温,6,2020-04-13
歙县,歙县最低气温,4,2020-04-12
歙县,歙县最低气温,4,2020-04-11
歙县,歙县最低气温,12,2020-04-10
歙县,歙县最低气温,10,2020-04-09
歙县,歙县最低气温,8,2020-04-08
歙县,歙县最低气温,6,2020-04-07
歙县,歙县最低气温,5,2020-04-06
歙县,歙县最低气温,7,2020-04-05
歙县,歙县最低气温,8,2020-04-04
歙县,歙县最低气温,10,2020-04-03
歙县,歙县最低气温,10,2020-04-02
歙县,歙县最低气温,7,2020-04-01
歙县,歙县最低气温,9,2020-03-31
歙县,歙县最低气温,6,2020-03-30
歙县,歙县最低气温,5,2020-03-29
歙县,歙县最低气温,3,2020-03-28
歙县,歙县最低气温,4,2020-03-27
歙县,歙县最低气温,13,2020-03-26
歙县,歙县最低气温,13,2020-03-25
萧县,萧县最低气温,5,2020-04-23
萧县,萧县最低气温,6,2020-04-22
萧县,萧县最低气温,9,2020-04-21
萧县,萧县最低气温,10,2020-04-20
萧县,萧县最低气温,12,2020-04-19
萧县,萧县最低气温,11,2020-04-18
萧县,萧县最低气温,9,2020-04-17
萧县,萧县最低气温,10,2020-04-16
萧县,萧县最低气温,15,2020-04-15
萧县,萧县最低气温,10,2020-04-14
萧县,萧县最低气温,12,2020-04-13
萧县,萧县最低气温,5,2020-04-12
萧县,萧县最低气温,5,2020-04-11
萧县,萧县最低气温,5,2020-04-10
萧县,萧县最低气温,7,2020-04-09
萧县,萧县最低气温,9,2020-04-08
萧县,萧县最低气温,6,2020-04-07
萧县,萧县最低气温,4,2020-04-06
萧县,萧县最低气温,6,2020-04-05
萧县,萧县最低气温,4,2020-04-04
萧县,萧县最低气温,6,2020-04-03
萧县,萧县最低气温,5,2020-04-02
萧县,萧县最低气温,7,2020-04-01
萧县,萧县最低气温,6,2020-03-31
萧县,萧县最低气温,3,2020-03-30
萧县,萧县最低气温,1,2020-03-29
萧县,萧县最低气温,6,2020-03-28
萧县,萧县最低气温,6,2020-03-27
萧县,萧县最低气温,7,2020-03-26
萧县,萧县最低气温,10,2020-03-25
休宁,休宁最低气温,8,2020-04-23
休宁,休宁最低气温,12,2020-04-22
休宁,休宁最低气温,10,2020-04-21
休宁,休宁最低气温,12,2020-04-20
休宁,休宁最低气温,10,2020-04-19
休宁,休宁最低气温,14,2020-04-18
休宁,休宁最低气温,14,2020-04-17
休宁,休宁最低气温,16,2020-04-16
休宁,休宁最低气温,12,2020-04-15
休宁,休宁最低气温,8,2020-04-14
休宁,休宁最低气温,7,2020-04-13
休宁,休宁最低气温,4,2020-04-12
休宁,休宁最低气温,4,2020-04-11
休宁,休宁最低气温,13,2020-04-10
休宁,休宁最低气温,10,2020-04-09
休宁,休宁最低气温,9,2020-04-08
休宁,休宁最低气温,7,2020-04-07
休宁,休宁最低气温,6,2020-04-06
休宁,休宁最低气温,8,2020-04-05
休宁,休宁最低气温,8,2020-04-04
休宁,休宁最低气温,11,2020-04-03
休宁,休宁最低气温,11,2020-04-02
休宁,休宁最低气温,8,2020-04-01
休宁,休宁最低气温,8,2020-03-31
休宁,休宁最低气温,6,2020-03-30
休宁,休宁最低气温,5,2020-03-29
休宁,休宁最低气温,4,2020-03-28
休宁,休宁最低气温,5,2020-03-27
休宁,休宁最低气温,14,2020-03-26
休宁,休宁最低气温,15,2020-03-25
宣城,宣城最低气温,7,2020-04-23
宣城,宣城最低气温,11,2020-04-22
宣城,宣城最低气温,10,2020-04-21
宣城,宣城最低气温,13,2020-04-20
宣城,宣城最低气温,10,2020-04-19
宣城,宣城最低气温,13,2020-04-18
宣城,宣城最低气温,13,2020-04-17
宣城,宣城最低气温,16,2020-04-16
宣城,宣城最低气温,14,2020-04-15
宣城,宣城最低气温,9,2020-04-14
宣城,宣城最低气温,6,2020-04-13
宣城,宣城最低气温,5,2020-04-12
宣城,宣城最低气温,5,2020-04-11
宣城,宣城最低气温,11,2020-04-10
宣城,宣城最低气温,11,2020-04-09
宣城,宣城最低气温,9,2020-04-08
宣城,宣城最低气温,5,2020-04-07
宣城,宣城最低气温,4,2020-04-06
宣城,宣城最低气温,8,2020-04-05
宣城,宣城最低气温,6,2020-04-04
宣城,宣城最低气温,8,2020-04-03
宣城,宣城最低气温,9,2020-04-02
宣城,宣城最低气温,8,2020-04-01
宣城,宣城最低气温,10,2020-03-31
宣城,宣城最低气温,7,2020-03-30
宣城,宣城最低气温,6,2020-03-29
宣城,宣城最低气温,2,2020-03-28
宣城,宣城最低气温,4,2020-03-27
宣城,宣城最低气温,10,2020-03-26
宣城,宣城最低气温,15,2020-03-25
黟县,黟县最低气温,7,2020-04-23
黟县,黟县最低气温,10,2020-04-22
黟县,黟县最低气温,9,2020-04-21
黟县,黟县最低气温,10,2020-04-20
黟县,黟县最低气温,9,2020-04-19
黟县,黟县最低气温,14,2020-04-18
黟县,黟县最低气温,12,2020-04-17
黟县,黟县最低气温,15,2020-04-16
黟县,黟县最低气温,10,2020-04-15
黟县,黟县最低气温,7,2020-04-14
黟县,黟县最低气温,6,2020-04-13
黟县,黟县最低气温,3,2020-04-12
黟县,黟县最低气温,2,2020-04-11
黟县,黟县最低气温,12,2020-04-10
黟县,黟县最低气温,10,2020-04-09
黟县,黟县最低气温,7,2020-04-08
黟县,黟县最低气温,6,2020-04-07
黟县,黟县最低气温,3,2020-04-06
黟县,黟县最低气温,7,2020-04-05
黟县,黟县最低气温,7,2020-04-04
黟县,黟县最低气温,9,2020-04-03
黟县,黟县最低气温,9,2020-04-02
黟县,黟县最低气温,7,2020-04-01
黟县,黟县最低气温,7,2020-03-31
黟县,黟县最低气温,6,2020-03-30
黟县,黟县最低气温,5,2020-03-29
黟县,黟县最低气温,2,2020-03-28
黟县,黟县最低气温,4,2020-03-27
黟县,黟县最低气温,12,2020-03-26
黟县,黟县最低气温,14,2020-03-25
颍上,颍上最低气温,6,2020-04-23
颍上,颍上最低气温,9,2020-04-22
颍上,颍上最低气温,10,2020-04-21
颍上,颍上最低气温,10,2020-04-20
颍上,颍上最低气温,10,2020-04-19
颍上,颍上最低气温,12,2020-04-18
颍上,颍上最低气温,12,2020-04-17
颍上,颍上最低气温,13,2020-04-16
颍上,颍上最低气温,16,2020-04-15
颍上,颍上最低气温,11,2020-04-14
颍上,颍上最低气温,11,2020-04-13
颍上,颍上最低气温,5,2020-04-12
颍上,颍上最低气温,7,2020-04-11
颍上,颍上最低气温,6,2020-04-10
颍上,颍上最低气温,11,2020-04-09
颍上,颍上最低气温,10,2020-04-08
颍上,颍上最低气温,8,2020-04-07
颍上,颍上最低气温,7,2020-04-06
颍上,颍上最低气温,9,2020-04-05
颍上,颍上最低气温,7,2020-04-04
颍上,颍上最低气温,9,2020-04-03
颍上,颍上最低气温,8,2020-04-02
颍上,颍上最低气温,8,2020-04-01
颍上,颍上最低气温,7,2020-03-31
颍上,颍上最低气温,6,2020-03-30
颍上,颍上最低气温,3,2020-03-29
颍上,颍上最低气温,5,2020-03-28
颍上,颍上最低气温,5,2020-03-27
颍上,颍上最低气温,8,2020-03-26
颍上,颍上最低气温,14,2020-03-25
岳西,岳西最低气温,5,2020-04-23
岳西,岳西最低气温,9,2020-04-22
岳西,岳西最低气温,7,2020-04-21
岳西,岳西最低气温,9,2020-04-20
岳西,岳西最低气温,9,2020-04-19
岳西,岳西最低气温,12,2020-04-18
岳西,岳西最低气温,12,2020-04-17
岳西,岳西最低气温,13,2020-04-16
岳西,岳西最低气温,12,2020-04-15
岳西,岳西最低气温,6,2020-04-14
岳西,岳西最低气温,7,2020-04-13
岳西,岳西最低气温,1,2020-04-12
岳西,岳西最低气温,2,2020-04-11
岳西,岳西最低气温,7,2020-04-10
岳西,岳西最低气温,9,2020-04-09
岳西,岳西最低气温,8,2020-04-08
岳西,岳西最低气温,5,2020-04-07
岳西,岳西最低气温,4,2020-04-06
岳西,岳西最低气温,6,2020-04-05
岳西,岳西最低气温,7,2020-04-04
岳西,岳西最低气温,6,2020-04-03
岳西,岳西最低气温,7,2020-04-02
岳西,岳西最低气温,5,2020-04-01
岳西,岳西最低气温,5,2020-03-31
岳西,岳西最低气温,4,2020-03-30
岳西,岳西最低气温,2,2020-03-29
岳西,岳西最低气温,1,2020-03-28
岳西,岳西最低气温,2,2020-03-27
岳西,岳西最低气温,8,2020-03-26
岳西,岳西最低气温,14,2020-03-25
